--Drop the tables
DROP TABLE IF EXISTS sp500;
DROP TABLE IF EXISTS sector;
DROP TABLE IF EXISTS sub_industry;
DROP TABLE IF EXISTS instrument;
DROP TABLE IF EXISTS sp500_constituents_by_sector;

--Create the instrument table
CREATE TABLE sp500
(
instrument_id INT NOT NULL,
sector_id INT NOT NULL,
sub_industry_id INT NOT NULL,
PRIMARY KEY ( instrument_id)
);

--Load the instrument table
INSERT INTO sp500 ( instrument_id,sector_id,sub_industry_id) VALUES (1,5,52);
INSERT INTO sp500 ( instrument_id,sector_id,sub_industry_id) VALUES (2,8,7);
INSERT INTO sp500 ( instrument_id,sector_id,sub_industry_id) VALUES (3,7,22);
INSERT INTO sp500 ( instrument_id,sector_id,sub_industry_id) VALUES (4,5,92);
INSERT INTO sp500 ( instrument_id,sector_id,sub_industry_id) VALUES (5,5,50);
INSERT INTO sp500 ( instrument_id,sector_id,sub_industry_id) VALUES (6,5,52);
INSERT INTO sp500 ( instrument_id,sector_id,sub_industry_id) VALUES (7,4,93);
INSERT INTO sp500 ( instrument_id,sector_id,sub_industry_id) VALUES (8,7,73);
INSERT INTO sp500 ( instrument_id,sector_id,sub_industry_id) VALUES (9,5,92);
INSERT INTO sp500 ( instrument_id,sector_id,sub_industry_id) VALUES (10,7,10);
INSERT INTO sp500 ( instrument_id,sector_id,sub_industry_id) VALUES (11,7,103);
INSERT INTO sp500 ( instrument_id,sector_id,sub_industry_id) VALUES (12,2,3);
INSERT INTO sp500 ( instrument_id,sector_id,sub_industry_id) VALUES (13,7,72);
INSERT INTO sp500 ( instrument_id,sector_id,sub_industry_id) VALUES (14,7,30);
INSERT INTO sp500 ( instrument_id,sector_id,sub_industry_id) VALUES (15,7,10);
INSERT INTO sp500 ( instrument_id,sector_id,sub_industry_id) VALUES (16,6,35);
INSERT INTO sp500 ( instrument_id,sector_id,sub_industry_id) VALUES (17,10,81);
INSERT INTO sp500 ( instrument_id,sector_id,sub_industry_id) VALUES (18,10,39);
INSERT INTO sp500 ( instrument_id,sector_id,sub_industry_id) VALUES (19,10,39);
INSERT INTO sp500 ( instrument_id,sector_id,sub_industry_id) VALUES (20,5,76);
INSERT INTO sp500 ( instrument_id,sector_id,sub_industry_id) VALUES (21,4,75);
INSERT INTO sp500 ( instrument_id,sector_id,sub_industry_id) VALUES (22,5,92);
INSERT INTO sp500 ( instrument_id,sector_id,sub_industry_id) VALUES (23,4,93);
INSERT INTO sp500 ( instrument_id,sector_id,sub_industry_id) VALUES (24,4,97);
INSERT INTO sp500 ( instrument_id,sector_id,sub_industry_id) VALUES (25,4,79);
INSERT INTO sp500 ( instrument_id,sector_id,sub_industry_id) VALUES (26,7,72);
INSERT INTO sp500 ( instrument_id,sector_id,sub_industry_id) VALUES (27,4,93);
INSERT INTO sp500 ( instrument_id,sector_id,sub_industry_id) VALUES (28,6,18);
INSERT INTO sp500 ( instrument_id,sector_id,sub_industry_id) VALUES (29,7,103);
INSERT INTO sp500 ( instrument_id,sector_id,sub_industry_id) VALUES (30,5,15);
INSERT INTO sp500 ( instrument_id,sector_id,sub_industry_id) VALUES (31,7,102);
INSERT INTO sp500 ( instrument_id,sector_id,sub_industry_id) VALUES (32,6,41);
INSERT INTO sp500 ( instrument_id,sector_id,sub_industry_id) VALUES (33,4,11);
INSERT INTO sp500 ( instrument_id,sector_id,sub_industry_id) VALUES (34,5,15);
INSERT INTO sp500 ( instrument_id,sector_id,sub_industry_id) VALUES (35,4,36);
INSERT INTO sp500 ( instrument_id,sector_id,sub_industry_id) VALUES (36,4,97);
INSERT INTO sp500 ( instrument_id,sector_id,sub_industry_id) VALUES (37,1,71);
INSERT INTO sp500 ( instrument_id,sector_id,sub_industry_id) VALUES (38,1,107);
INSERT INTO sp500 ( instrument_id,sector_id,sub_industry_id) VALUES (39,5,76);
INSERT INTO sp500 ( instrument_id,sector_id,sub_industry_id) VALUES (40,4,68);
INSERT INTO sp500 ( instrument_id,sector_id,sub_industry_id) VALUES (41,3,86);
INSERT INTO sp500 ( instrument_id,sector_id,sub_industry_id) VALUES (42,3,86);
INSERT INTO sp500 ( instrument_id,sector_id,sub_industry_id) VALUES (43,8,65);
INSERT INTO sp500 ( instrument_id,sector_id,sub_industry_id) VALUES (44,6,40);
INSERT INTO sp500 ( instrument_id,sector_id,sub_industry_id) VALUES (45,8,65);
INSERT INTO sp500 ( instrument_id,sector_id,sub_industry_id) VALUES (46,8,37);
INSERT INTO sp500 ( instrument_id,sector_id,sub_industry_id) VALUES (47,4,97);
INSERT INTO sp500 ( instrument_id,sector_id,sub_industry_id) VALUES (48,7,103);
INSERT INTO sp500 ( instrument_id,sector_id,sub_industry_id) VALUES (49,2,91);
INSERT INTO sp500 ( instrument_id,sector_id,sub_industry_id) VALUES (50,8,89);
INSERT INTO sp500 ( instrument_id,sector_id,sub_industry_id) VALUES (51,4,29);
INSERT INTO sp500 ( instrument_id,sector_id,sub_industry_id) VALUES (52,1,107);
INSERT INTO sp500 ( instrument_id,sector_id,sub_industry_id) VALUES (53,6,2);
INSERT INTO sp500 ( instrument_id,sector_id,sub_industry_id) VALUES (54,4,14);
INSERT INTO sp500 ( instrument_id,sector_id,sub_industry_id) VALUES (55,5,52);
INSERT INTO sp500 ( instrument_id,sector_id,sub_industry_id) VALUES (56,1,107);
INSERT INTO sp500 ( instrument_id,sector_id,sub_industry_id) VALUES (57,4,14);
INSERT INTO sp500 ( instrument_id,sector_id,sub_industry_id) VALUES (58,1,21);
INSERT INTO sp500 ( instrument_id,sector_id,sub_industry_id) VALUES (59,5,52);
INSERT INTO sp500 ( instrument_id,sector_id,sub_industry_id) VALUES (60,5,52);
INSERT INTO sp500 ( instrument_id,sector_id,sub_industry_id) VALUES (61,4,36);
INSERT INTO sp500 ( instrument_id,sector_id,sub_industry_id) VALUES (62,2,33);
INSERT INTO sp500 ( instrument_id,sector_id,sub_industry_id) VALUES (63,3,85);
INSERT INTO sp500 ( instrument_id,sector_id,sub_industry_id) VALUES (64,5,15);
INSERT INTO sp500 ( instrument_id,sector_id,sub_industry_id) VALUES (65,4,14);
INSERT INTO sp500 ( instrument_id,sector_id,sub_industry_id) VALUES (66,4,36);
INSERT INTO sp500 ( instrument_id,sector_id,sub_industry_id) VALUES (67,8,77);
INSERT INTO sp500 ( instrument_id,sector_id,sub_industry_id) VALUES (68,5,51);
INSERT INTO sp500 ( instrument_id,sector_id,sub_industry_id) VALUES (69,7,103);
INSERT INTO sp500 ( instrument_id,sector_id,sub_industry_id) VALUES (70,4,80);
INSERT INTO sp500 ( instrument_id,sector_id,sub_industry_id) VALUES (71,5,52);
INSERT INTO sp500 ( instrument_id,sector_id,sub_industry_id) VALUES (72,1,12);
INSERT INTO sp500 ( instrument_id,sector_id,sub_industry_id) VALUES (73,4,97);
INSERT INTO sp500 ( instrument_id,sector_id,sub_industry_id) VALUES (74,4,14);
INSERT INTO sp500 ( instrument_id,sector_id,sub_industry_id) VALUES (75,7,109);
INSERT INTO sp500 ( instrument_id,sector_id,sub_industry_id) VALUES (76,2,88);
INSERT INTO sp500 ( instrument_id,sector_id,sub_industry_id) VALUES (77,5,51);
INSERT INTO sp500 ( instrument_id,sector_id,sub_industry_id) VALUES (78,3,85);
INSERT INTO sp500 ( instrument_id,sector_id,sub_industry_id) VALUES (79,6,26);
INSERT INTO sp500 ( instrument_id,sector_id,sub_industry_id) VALUES (80,4,93);
INSERT INTO sp500 ( instrument_id,sector_id,sub_industry_id) VALUES (81,4,96);
INSERT INTO sp500 ( instrument_id,sector_id,sub_industry_id) VALUES (82,1,17);
INSERT INTO sp500 ( instrument_id,sector_id,sub_industry_id) VALUES (83,2,104);
INSERT INTO sp500 ( instrument_id,sector_id,sub_industry_id) VALUES (84,4,97);
INSERT INTO sp500 ( instrument_id,sector_id,sub_industry_id) VALUES (85,1,59);
INSERT INTO sp500 ( instrument_id,sector_id,sub_industry_id) VALUES (86,5,15);
INSERT INTO sp500 ( instrument_id,sector_id,sub_industry_id) VALUES (87,5,51);
INSERT INTO sp500 ( instrument_id,sector_id,sub_industry_id) VALUES (88,8,44);
INSERT INTO sp500 ( instrument_id,sector_id,sub_industry_id) VALUES (89,5,52);
INSERT INTO sp500 ( instrument_id,sector_id,sub_industry_id) VALUES (90,3,69);
INSERT INTO sp500 ( instrument_id,sector_id,sub_industry_id) VALUES (91,6,4);
INSERT INTO sp500 ( instrument_id,sector_id,sub_industry_id) VALUES (92,5,76);
INSERT INTO sp500 ( instrument_id,sector_id,sub_industry_id) VALUES (93,4,93);
INSERT INTO sp500 ( instrument_id,sector_id,sub_industry_id) VALUES (94,2,61);
INSERT INTO sp500 ( instrument_id,sector_id,sub_industry_id) VALUES (95,2,61);
INSERT INTO sp500 ( instrument_id,sector_id,sub_industry_id) VALUES (96,4,14);
INSERT INTO sp500 ( instrument_id,sector_id,sub_industry_id) VALUES (97,1,17);
INSERT INTO sp500 ( instrument_id,sector_id,sub_industry_id) VALUES (98,4,36);
INSERT INTO sp500 ( instrument_id,sector_id,sub_industry_id) VALUES (99,1,100);
INSERT INTO sp500 ( instrument_id,sector_id,sub_industry_id) VALUES (100,6,66);
INSERT INTO sp500 ( instrument_id,sector_id,sub_industry_id) VALUES (101,10,81);
INSERT INTO sp500 ( instrument_id,sector_id,sub_industry_id) VALUES (102,10,81);
INSERT INTO sp500 ( instrument_id,sector_id,sub_industry_id) VALUES (103,3,20);
INSERT INTO sp500 ( instrument_id,sector_id,sub_industry_id) VALUES (104,4,29);
INSERT INTO sp500 ( instrument_id,sector_id,sub_industry_id) VALUES (105,3,86);
INSERT INTO sp500 ( instrument_id,sector_id,sub_industry_id) VALUES (106,1,9);
INSERT INTO sp500 ( instrument_id,sector_id,sub_industry_id) VALUES (107,6,64);
INSERT INTO sp500 ( instrument_id,sector_id,sub_industry_id) VALUES (108,3,86);
INSERT INTO sp500 ( instrument_id,sector_id,sub_industry_id) VALUES (109,2,63);
INSERT INTO sp500 ( instrument_id,sector_id,sub_industry_id) VALUES (110,2,88);
INSERT INTO sp500 ( instrument_id,sector_id,sub_industry_id) VALUES (111,7,72);
INSERT INTO sp500 ( instrument_id,sector_id,sub_industry_id) VALUES (112,7,73);
INSERT INTO sp500 ( instrument_id,sector_id,sub_industry_id) VALUES (113,7,82);
INSERT INTO sp500 ( instrument_id,sector_id,sub_industry_id) VALUES (114,6,95);
INSERT INTO sp500 ( instrument_id,sector_id,sub_industry_id) VALUES (115,6,35);
INSERT INTO sp500 ( instrument_id,sector_id,sub_industry_id) VALUES (116,9,70);
INSERT INTO sp500 ( instrument_id,sector_id,sub_industry_id) VALUES (117,7,73);
INSERT INTO sp500 ( instrument_id,sector_id,sub_industry_id) VALUES (118,7,72);
INSERT INTO sp500 ( instrument_id,sector_id,sub_industry_id) VALUES (119,1,17);
INSERT INTO sp500 ( instrument_id,sector_id,sub_industry_id) VALUES (120,2,38);
INSERT INTO sp500 ( instrument_id,sector_id,sub_industry_id) VALUES (121,3,69);
INSERT INTO sp500 ( instrument_id,sector_id,sub_industry_id) VALUES (122,10,81);
INSERT INTO sp500 ( instrument_id,sector_id,sub_industry_id) VALUES (123,6,5);
INSERT INTO sp500 ( instrument_id,sector_id,sub_industry_id) VALUES (124,8,34);
INSERT INTO sp500 ( instrument_id,sector_id,sub_industry_id) VALUES (125,6,26);
INSERT INTO sp500 ( instrument_id,sector_id,sub_industry_id) VALUES (126,4,29);
INSERT INTO sp500 ( instrument_id,sector_id,sub_industry_id) VALUES (127,1,48);
INSERT INTO sp500 ( instrument_id,sector_id,sub_industry_id) VALUES (128,5,53);
INSERT INTO sp500 ( instrument_id,sector_id,sub_industry_id) VALUES (129,1,24);
INSERT INTO sp500 ( instrument_id,sector_id,sub_industry_id) VALUES (130,6,66);
INSERT INTO sp500 ( instrument_id,sector_id,sub_industry_id) VALUES (131,1,17);
INSERT INTO sp500 ( instrument_id,sector_id,sub_industry_id) VALUES (132,1,17);
INSERT INTO sp500 ( instrument_id,sector_id,sub_industry_id) VALUES (133,1,17);
INSERT INTO sp500 ( instrument_id,sector_id,sub_industry_id) VALUES (134,1,12);
INSERT INTO sp500 ( instrument_id,sector_id,sub_industry_id) VALUES (135,1,48);
INSERT INTO sp500 ( instrument_id,sector_id,sub_industry_id) VALUES (136,6,31);
INSERT INTO sp500 ( instrument_id,sector_id,sub_industry_id) VALUES (137,3,86);
INSERT INTO sp500 ( instrument_id,sector_id,sub_industry_id) VALUES (138,3,84);
INSERT INTO sp500 ( instrument_id,sector_id,sub_industry_id) VALUES (139,6,66);
INSERT INTO sp500 ( instrument_id,sector_id,sub_industry_id) VALUES (140,8,34);
INSERT INTO sp500 ( instrument_id,sector_id,sub_industry_id) VALUES (141,2,104);
INSERT INTO sp500 ( instrument_id,sector_id,sub_industry_id) VALUES (142,1,100);
INSERT INTO sp500 ( instrument_id,sector_id,sub_industry_id) VALUES (143,10,81);
INSERT INTO sp500 ( instrument_id,sector_id,sub_industry_id) VALUES (144,1,17);
INSERT INTO sp500 ( instrument_id,sector_id,sub_industry_id) VALUES (145,10,39);
INSERT INTO sp500 ( instrument_id,sector_id,sub_industry_id) VALUES (146,5,53);
INSERT INTO sp500 ( instrument_id,sector_id,sub_industry_id) VALUES (147,3,86);
INSERT INTO sp500 ( instrument_id,sector_id,sub_industry_id) VALUES (148,7,10);
INSERT INTO sp500 ( instrument_id,sector_id,sub_industry_id) VALUES (149,7,72);
INSERT INTO sp500 ( instrument_id,sector_id,sub_industry_id) VALUES (150,8,105);
INSERT INTO sp500 ( instrument_id,sector_id,sub_industry_id) VALUES (151,10,81);
INSERT INTO sp500 ( instrument_id,sector_id,sub_industry_id) VALUES (152,4,36);
INSERT INTO sp500 ( instrument_id,sector_id,sub_industry_id) VALUES (153,10,81);
INSERT INTO sp500 ( instrument_id,sector_id,sub_industry_id) VALUES (154,2,91);
INSERT INTO sp500 ( instrument_id,sector_id,sub_industry_id) VALUES (155,7,73);
INSERT INTO sp500 ( instrument_id,sector_id,sub_industry_id) VALUES (156,8,34);
INSERT INTO sp500 ( instrument_id,sector_id,sub_industry_id) VALUES (157,6,64);
INSERT INTO sp500 ( instrument_id,sector_id,sub_industry_id) VALUES (158,5,92);
INSERT INTO sp500 ( instrument_id,sector_id,sub_industry_id) VALUES (159,3,86);
INSERT INTO sp500 ( instrument_id,sector_id,sub_industry_id) VALUES (160,4,97);
INSERT INTO sp500 ( instrument_id,sector_id,sub_industry_id) VALUES (161,3,86);
INSERT INTO sp500 ( instrument_id,sector_id,sub_industry_id) VALUES (162,5,51);
INSERT INTO sp500 ( instrument_id,sector_id,sub_industry_id) VALUES (163,4,99);
INSERT INTO sp500 ( instrument_id,sector_id,sub_industry_id) VALUES (164,3,84);
INSERT INTO sp500 ( instrument_id,sector_id,sub_industry_id) VALUES (165,4,36);
INSERT INTO sp500 ( instrument_id,sector_id,sub_industry_id) VALUES (166,6,64);
INSERT INTO sp500 ( instrument_id,sector_id,sub_industry_id) VALUES (167,10,39);
INSERT INTO sp500 ( instrument_id,sector_id,sub_industry_id) VALUES (168,5,52);
INSERT INTO sp500 ( instrument_id,sector_id,sub_industry_id) VALUES (169,10,81);
INSERT INTO sp500 ( instrument_id,sector_id,sub_industry_id) VALUES (170,6,4);
INSERT INTO sp500 ( instrument_id,sector_id,sub_industry_id) VALUES (171,1,59);
INSERT INTO sp500 ( instrument_id,sector_id,sub_industry_id) VALUES (172,1,13);
INSERT INTO sp500 ( instrument_id,sector_id,sub_industry_id) VALUES (173,6,18);
INSERT INTO sp500 ( instrument_id,sector_id,sub_industry_id) VALUES (174,7,72);
INSERT INTO sp500 ( instrument_id,sector_id,sub_industry_id) VALUES (175,8,37);
INSERT INTO sp500 ( instrument_id,sector_id,sub_industry_id) VALUES (176,1,48);
INSERT INTO sp500 ( instrument_id,sector_id,sub_industry_id) VALUES (177,6,4);
INSERT INTO sp500 ( instrument_id,sector_id,sub_industry_id) VALUES (178,10,81);
INSERT INTO sp500 ( instrument_id,sector_id,sub_industry_id) VALUES (179,7,82);
INSERT INTO sp500 ( instrument_id,sector_id,sub_industry_id) VALUES (180,7,72);
INSERT INTO sp500 ( instrument_id,sector_id,sub_industry_id) VALUES (181,7,72);
INSERT INTO sp500 ( instrument_id,sector_id,sub_industry_id) VALUES (182,4,14);
INSERT INTO sp500 ( instrument_id,sector_id,sub_industry_id) VALUES (183,6,2);
INSERT INTO sp500 ( instrument_id,sector_id,sub_industry_id) VALUES (184,6,35);
INSERT INTO sp500 ( instrument_id,sector_id,sub_industry_id) VALUES (185,6,66);
INSERT INTO sp500 ( instrument_id,sector_id,sub_industry_id) VALUES (186,8,34);
INSERT INTO sp500 ( instrument_id,sector_id,sub_industry_id) VALUES (187,1,9);
INSERT INTO sp500 ( instrument_id,sector_id,sub_industry_id) VALUES (188,1,94);
INSERT INTO sp500 ( instrument_id,sector_id,sub_industry_id) VALUES (189,7,103);
INSERT INTO sp500 ( instrument_id,sector_id,sub_industry_id) VALUES (190,3,85);
INSERT INTO sp500 ( instrument_id,sector_id,sub_industry_id) VALUES (191,9,70);
INSERT INTO sp500 ( instrument_id,sector_id,sub_industry_id) VALUES (192,10,47);
INSERT INTO sp500 ( instrument_id,sector_id,sub_industry_id) VALUES (193,1,94);
INSERT INTO sp500 ( instrument_id,sector_id,sub_industry_id) VALUES (194,6,2);
INSERT INTO sp500 ( instrument_id,sector_id,sub_industry_id) VALUES (195,6,64);
INSERT INTO sp500 ( instrument_id,sector_id,sub_industry_id) VALUES (196,4,97);
INSERT INTO sp500 ( instrument_id,sector_id,sub_industry_id) VALUES (197,5,15);
INSERT INTO sp500 ( instrument_id,sector_id,sub_industry_id) VALUES (198,2,88);
INSERT INTO sp500 ( instrument_id,sector_id,sub_industry_id) VALUES (199,6,25);
INSERT INTO sp500 ( instrument_id,sector_id,sub_industry_id) VALUES (200,1,13);
INSERT INTO sp500 ( instrument_id,sector_id,sub_industry_id) VALUES (201,2,88);
INSERT INTO sp500 ( instrument_id,sector_id,sub_industry_id) VALUES (202,1,107);
INSERT INTO sp500 ( instrument_id,sector_id,sub_industry_id) VALUES (203,4,75);
INSERT INTO sp500 ( instrument_id,sector_id,sub_industry_id) VALUES (204,7,72);
INSERT INTO sp500 ( instrument_id,sector_id,sub_industry_id) VALUES (205,7,72);
INSERT INTO sp500 ( instrument_id,sector_id,sub_industry_id) VALUES (206,1,107);
INSERT INTO sp500 ( instrument_id,sector_id,sub_industry_id) VALUES (207,1,8);
INSERT INTO sp500 ( instrument_id,sector_id,sub_industry_id) VALUES (208,1,28);
INSERT INTO sp500 ( instrument_id,sector_id,sub_industry_id) VALUES (209,4,36);
INSERT INTO sp500 ( instrument_id,sector_id,sub_industry_id) VALUES (210,1,111);
INSERT INTO sp500 ( instrument_id,sector_id,sub_industry_id) VALUES (211,6,67);
INSERT INTO sp500 ( instrument_id,sector_id,sub_industry_id) VALUES (212,3,85);
INSERT INTO sp500 ( instrument_id,sector_id,sub_industry_id) VALUES (213,1,28);
INSERT INTO sp500 ( instrument_id,sector_id,sub_industry_id) VALUES (214,1,74);
INSERT INTO sp500 ( instrument_id,sector_id,sub_industry_id) VALUES (215,4,14);
INSERT INTO sp500 ( instrument_id,sector_id,sub_industry_id) VALUES (216,5,53);
INSERT INTO sp500 ( instrument_id,sector_id,sub_industry_id) VALUES (217,4,14);
INSERT INTO sp500 ( instrument_id,sector_id,sub_industry_id) VALUES (218,4,97);
INSERT INTO sp500 ( instrument_id,sector_id,sub_industry_id) VALUES (219,4,97);
INSERT INTO sp500 ( instrument_id,sector_id,sub_industry_id) VALUES (220,1,56);
INSERT INTO sp500 ( instrument_id,sector_id,sub_industry_id) VALUES (221,3,69);
INSERT INTO sp500 ( instrument_id,sector_id,sub_industry_id) VALUES (222,4,93);
INSERT INTO sp500 ( instrument_id,sector_id,sub_industry_id) VALUES (223,1,78);
INSERT INTO sp500 ( instrument_id,sector_id,sub_industry_id) VALUES (224,6,64);
INSERT INTO sp500 ( instrument_id,sector_id,sub_industry_id) VALUES (225,1,59);
INSERT INTO sp500 ( instrument_id,sector_id,sub_industry_id) VALUES (226,3,84);
INSERT INTO sp500 ( instrument_id,sector_id,sub_industry_id) VALUES (227,7,22);
INSERT INTO sp500 ( instrument_id,sector_id,sub_industry_id) VALUES (228,4,29);
INSERT INTO sp500 ( instrument_id,sector_id,sub_industry_id) VALUES (229,2,88);
INSERT INTO sp500 ( instrument_id,sector_id,sub_industry_id) VALUES (230,7,110);
INSERT INTO sp500 ( instrument_id,sector_id,sub_industry_id) VALUES (231,5,52);
INSERT INTO sp500 ( instrument_id,sector_id,sub_industry_id) VALUES (232,4,97);
INSERT INTO sp500 ( instrument_id,sector_id,sub_industry_id) VALUES (233,2,88);
INSERT INTO sp500 ( instrument_id,sector_id,sub_industry_id) VALUES (234,5,76);
INSERT INTO sp500 ( instrument_id,sector_id,sub_industry_id) VALUES (235,7,73);
INSERT INTO sp500 ( instrument_id,sector_id,sub_industry_id) VALUES (236,4,36);
INSERT INTO sp500 ( instrument_id,sector_id,sub_industry_id) VALUES (237,8,105);
INSERT INTO sp500 ( instrument_id,sector_id,sub_industry_id) VALUES (238,7,103);
INSERT INTO sp500 ( instrument_id,sector_id,sub_industry_id) VALUES (239,7,72);
INSERT INTO sp500 ( instrument_id,sector_id,sub_industry_id) VALUES (240,8,90);
INSERT INTO sp500 ( instrument_id,sector_id,sub_industry_id) VALUES (241,1,1);
INSERT INTO sp500 ( instrument_id,sector_id,sub_industry_id) VALUES (242,6,64);
INSERT INTO sp500 ( instrument_id,sector_id,sub_industry_id) VALUES (243,6,31);
INSERT INTO sp500 ( instrument_id,sector_id,sub_industry_id) VALUES (244,5,52);
INSERT INTO sp500 ( instrument_id,sector_id,sub_industry_id) VALUES (245,6,66);
INSERT INTO sp500 ( instrument_id,sector_id,sub_industry_id) VALUES (246,4,36);
INSERT INTO sp500 ( instrument_id,sector_id,sub_industry_id) VALUES (247,1,12);
INSERT INTO sp500 ( instrument_id,sector_id,sub_industry_id) VALUES (248,6,64);
INSERT INTO sp500 ( instrument_id,sector_id,sub_industry_id) VALUES (249,5,52);
INSERT INTO sp500 ( instrument_id,sector_id,sub_industry_id) VALUES (250,7,82);
INSERT INTO sp500 ( instrument_id,sector_id,sub_industry_id) VALUES (251,6,66);
INSERT INTO sp500 ( instrument_id,sector_id,sub_industry_id) VALUES (252,4,14);
INSERT INTO sp500 ( instrument_id,sector_id,sub_industry_id) VALUES (253,1,32);
INSERT INTO sp500 ( instrument_id,sector_id,sub_industry_id) VALUES (254,2,88);
INSERT INTO sp500 ( instrument_id,sector_id,sub_industry_id) VALUES (255,4,14);
INSERT INTO sp500 ( instrument_id,sector_id,sub_industry_id) VALUES (256,4,97);
INSERT INTO sp500 ( instrument_id,sector_id,sub_industry_id) VALUES (257,7,102);
INSERT INTO sp500 ( instrument_id,sector_id,sub_industry_id) VALUES (258,2,61);
INSERT INTO sp500 ( instrument_id,sector_id,sub_industry_id) VALUES (259,3,87);
INSERT INTO sp500 ( instrument_id,sector_id,sub_industry_id) VALUES (260,1,107);
INSERT INTO sp500 ( instrument_id,sector_id,sub_industry_id) VALUES (261,2,104);
INSERT INTO sp500 ( instrument_id,sector_id,sub_industry_id) VALUES (262,1,9);
INSERT INTO sp500 ( instrument_id,sector_id,sub_industry_id) VALUES (263,2,46);
INSERT INTO sp500 ( instrument_id,sector_id,sub_industry_id) VALUES (264,2,88);
INSERT INTO sp500 ( instrument_id,sector_id,sub_industry_id) VALUES (265,1,48);
INSERT INTO sp500 ( instrument_id,sector_id,sub_industry_id) VALUES (266,6,95);
INSERT INTO sp500 ( instrument_id,sector_id,sub_industry_id) VALUES (267,4,80);
INSERT INTO sp500 ( instrument_id,sector_id,sub_industry_id) VALUES (268,1,8);
INSERT INTO sp500 ( instrument_id,sector_id,sub_industry_id) VALUES (269,6,64);
INSERT INTO sp500 ( instrument_id,sector_id,sub_industry_id) VALUES (270,1,57);
INSERT INTO sp500 ( instrument_id,sector_id,sub_industry_id) VALUES (271,5,53);
INSERT INTO sp500 ( instrument_id,sector_id,sub_industry_id) VALUES (272,6,64);
INSERT INTO sp500 ( instrument_id,sector_id,sub_industry_id) VALUES (273,7,103);
INSERT INTO sp500 ( instrument_id,sector_id,sub_industry_id) VALUES (274,5,92);
INSERT INTO sp500 ( instrument_id,sector_id,sub_industry_id) VALUES (275,4,36);
INSERT INTO sp500 ( instrument_id,sector_id,sub_industry_id) VALUES (276,6,2);
INSERT INTO sp500 ( instrument_id,sector_id,sub_industry_id) VALUES (277,4,79);
INSERT INTO sp500 ( instrument_id,sector_id,sub_industry_id) VALUES (278,2,112);
INSERT INTO sp500 ( instrument_id,sector_id,sub_industry_id) VALUES (279,1,56);
INSERT INTO sp500 ( instrument_id,sector_id,sub_industry_id) VALUES (280,7,102);
INSERT INTO sp500 ( instrument_id,sector_id,sub_industry_id) VALUES (281,4,80);
INSERT INTO sp500 ( instrument_id,sector_id,sub_industry_id) VALUES (282,6,5);
INSERT INTO sp500 ( instrument_id,sector_id,sub_industry_id) VALUES (283,9,6);
INSERT INTO sp500 ( instrument_id,sector_id,sub_industry_id) VALUES (284,8,34);
INSERT INTO sp500 ( instrument_id,sector_id,sub_industry_id) VALUES (285,1,32);
INSERT INTO sp500 ( instrument_id,sector_id,sub_industry_id) VALUES (286,7,72);
INSERT INTO sp500 ( instrument_id,sector_id,sub_industry_id) VALUES (287,4,101);
INSERT INTO sp500 ( instrument_id,sector_id,sub_industry_id) VALUES (288,1,59);
INSERT INTO sp500 ( instrument_id,sector_id,sub_industry_id) VALUES (289,6,18);
INSERT INTO sp500 ( instrument_id,sector_id,sub_industry_id) VALUES (290,1,74);
INSERT INTO sp500 ( instrument_id,sector_id,sub_industry_id) VALUES (291,1,100);
INSERT INTO sp500 ( instrument_id,sector_id,sub_industry_id) VALUES (292,7,103);
INSERT INTO sp500 ( instrument_id,sector_id,sub_industry_id) VALUES (293,5,51);
INSERT INTO sp500 ( instrument_id,sector_id,sub_industry_id) VALUES (294,4,36);
INSERT INTO sp500 ( instrument_id,sector_id,sub_industry_id) VALUES (295,2,88);
INSERT INTO sp500 ( instrument_id,sector_id,sub_industry_id) VALUES (296,5,52);
INSERT INTO sp500 ( instrument_id,sector_id,sub_industry_id) VALUES (297,4,75);
INSERT INTO sp500 ( instrument_id,sector_id,sub_industry_id) VALUES (298,4,36);
INSERT INTO sp500 ( instrument_id,sector_id,sub_industry_id) VALUES (299,1,55);
INSERT INTO sp500 ( instrument_id,sector_id,sub_industry_id) VALUES (300,2,88);
INSERT INTO sp500 ( instrument_id,sector_id,sub_industry_id) VALUES (301,2,88);
INSERT INTO sp500 ( instrument_id,sector_id,sub_industry_id) VALUES (302,8,27);
INSERT INTO sp500 ( instrument_id,sector_id,sub_industry_id) VALUES (303,4,68);
INSERT INTO sp500 ( instrument_id,sector_id,sub_industry_id) VALUES (304,6,64);
INSERT INTO sp500 ( instrument_id,sector_id,sub_industry_id) VALUES (305,5,92);
INSERT INTO sp500 ( instrument_id,sector_id,sub_industry_id) VALUES (306,2,104);
INSERT INTO sp500 ( instrument_id,sector_id,sub_industry_id) VALUES (307,2,112);
INSERT INTO sp500 ( instrument_id,sector_id,sub_industry_id) VALUES (308,8,44);
INSERT INTO sp500 ( instrument_id,sector_id,sub_industry_id) VALUES (309,8,44);
INSERT INTO sp500 ( instrument_id,sector_id,sub_industry_id) VALUES (310,3,87);
INSERT INTO sp500 ( instrument_id,sector_id,sub_industry_id) VALUES (311,5,92);
INSERT INTO sp500 ( instrument_id,sector_id,sub_industry_id) VALUES (312,3,86);
INSERT INTO sp500 ( instrument_id,sector_id,sub_industry_id) VALUES (313,4,36);
INSERT INTO sp500 ( instrument_id,sector_id,sub_industry_id) VALUES (314,7,109);
INSERT INTO sp500 ( instrument_id,sector_id,sub_industry_id) VALUES (315,7,110);
INSERT INTO sp500 ( instrument_id,sector_id,sub_industry_id) VALUES (316,4,14);
INSERT INTO sp500 ( instrument_id,sector_id,sub_industry_id) VALUES (317,7,103);
INSERT INTO sp500 ( instrument_id,sector_id,sub_industry_id) VALUES (318,3,69);
INSERT INTO sp500 ( instrument_id,sector_id,sub_industry_id) VALUES (319,8,89);
INSERT INTO sp500 ( instrument_id,sector_id,sub_industry_id) VALUES (320,5,92);
INSERT INTO sp500 ( instrument_id,sector_id,sub_industry_id) VALUES (321,4,29);
INSERT INTO sp500 ( instrument_id,sector_id,sub_industry_id) VALUES (322,3,86);
INSERT INTO sp500 ( instrument_id,sector_id,sub_industry_id) VALUES (323,3,84);
INSERT INTO sp500 ( instrument_id,sector_id,sub_industry_id) VALUES (324,4,36);
INSERT INTO sp500 ( instrument_id,sector_id,sub_industry_id) VALUES (325,3,84);
INSERT INTO sp500 ( instrument_id,sector_id,sub_industry_id) VALUES (326,10,81);
INSERT INTO sp500 ( instrument_id,sector_id,sub_industry_id) VALUES (327,8,49);
INSERT INTO sp500 ( instrument_id,sector_id,sub_industry_id) VALUES (328,7,72);
INSERT INTO sp500 ( instrument_id,sector_id,sub_industry_id) VALUES (329,3,86);
INSERT INTO sp500 ( instrument_id,sector_id,sub_industry_id) VALUES (330,10,81);
INSERT INTO sp500 ( instrument_id,sector_id,sub_industry_id) VALUES (331,1,9);
INSERT INTO sp500 ( instrument_id,sector_id,sub_industry_id) VALUES (332,6,98);
INSERT INTO sp500 ( instrument_id,sector_id,sub_industry_id) VALUES (333,6,2);
INSERT INTO sp500 ( instrument_id,sector_id,sub_industry_id) VALUES (334,3,85);
INSERT INTO sp500 ( instrument_id,sector_id,sub_industry_id) VALUES (335,10,81);
INSERT INTO sp500 ( instrument_id,sector_id,sub_industry_id) VALUES (336,6,95);
INSERT INTO sp500 ( instrument_id,sector_id,sub_industry_id) VALUES (337,7,72);
INSERT INTO sp500 ( instrument_id,sector_id,sub_industry_id) VALUES (338,4,36);
INSERT INTO sp500 ( instrument_id,sector_id,sub_industry_id) VALUES (339,10,81);
INSERT INTO sp500 ( instrument_id,sector_id,sub_industry_id) VALUES (340,8,108);
INSERT INTO sp500 ( instrument_id,sector_id,sub_industry_id) VALUES (341,7,103);
INSERT INTO sp500 ( instrument_id,sector_id,sub_industry_id) VALUES (342,1,62);
INSERT INTO sp500 ( instrument_id,sector_id,sub_industry_id) VALUES (343,1,94);
INSERT INTO sp500 ( instrument_id,sector_id,sub_industry_id) VALUES (344,8,77);
INSERT INTO sp500 ( instrument_id,sector_id,sub_industry_id) VALUES (345,3,86);
INSERT INTO sp500 ( instrument_id,sector_id,sub_industry_id) VALUES (346,1,1);
INSERT INTO sp500 ( instrument_id,sector_id,sub_industry_id) VALUES (347,7,10);
INSERT INTO sp500 ( instrument_id,sector_id,sub_industry_id) VALUES (348,1,107);
INSERT INTO sp500 ( instrument_id,sector_id,sub_industry_id) VALUES (349,3,86);
INSERT INTO sp500 ( instrument_id,sector_id,sub_industry_id) VALUES (350,7,72);
INSERT INTO sp500 ( instrument_id,sector_id,sub_industry_id) VALUES (351,4,14);
INSERT INTO sp500 ( instrument_id,sector_id,sub_industry_id) VALUES (352,6,83);
INSERT INTO sp500 ( instrument_id,sector_id,sub_industry_id) VALUES (353,6,26);
INSERT INTO sp500 ( instrument_id,sector_id,sub_industry_id) VALUES (354,10,81);
INSERT INTO sp500 ( instrument_id,sector_id,sub_industry_id) VALUES (355,4,97);
INSERT INTO sp500 ( instrument_id,sector_id,sub_industry_id) VALUES (356,1,59);
INSERT INTO sp500 ( instrument_id,sector_id,sub_industry_id) VALUES (357,6,64);
INSERT INTO sp500 ( instrument_id,sector_id,sub_industry_id) VALUES (358,5,54);
INSERT INTO sp500 ( instrument_id,sector_id,sub_industry_id) VALUES (359,10,81);
INSERT INTO sp500 ( instrument_id,sector_id,sub_industry_id) VALUES (360,2,104);
INSERT INTO sp500 ( instrument_id,sector_id,sub_industry_id) VALUES (361,1,107);
INSERT INTO sp500 ( instrument_id,sector_id,sub_industry_id) VALUES (362,5,92);
INSERT INTO sp500 ( instrument_id,sector_id,sub_industry_id) VALUES (363,4,36);
INSERT INTO sp500 ( instrument_id,sector_id,sub_industry_id) VALUES (364,2,91);
INSERT INTO sp500 ( instrument_id,sector_id,sub_industry_id) VALUES (365,4,93);
INSERT INTO sp500 ( instrument_id,sector_id,sub_industry_id) VALUES (366,6,64);
INSERT INTO sp500 ( instrument_id,sector_id,sub_industry_id) VALUES (367,1,57);
INSERT INTO sp500 ( instrument_id,sector_id,sub_industry_id) VALUES (368,5,52);
INSERT INTO sp500 ( instrument_id,sector_id,sub_industry_id) VALUES (369,4,36);
INSERT INTO sp500 ( instrument_id,sector_id,sub_industry_id) VALUES (370,6,64);
INSERT INTO sp500 ( instrument_id,sector_id,sub_industry_id) VALUES (371,2,112);
INSERT INTO sp500 ( instrument_id,sector_id,sub_industry_id) VALUES (372,4,14);
INSERT INTO sp500 ( instrument_id,sector_id,sub_industry_id) VALUES (373,6,64);
INSERT INTO sp500 ( instrument_id,sector_id,sub_industry_id) VALUES (374,10,81);
INSERT INTO sp500 ( instrument_id,sector_id,sub_industry_id) VALUES (375,10,81);
INSERT INTO sp500 ( instrument_id,sector_id,sub_industry_id) VALUES (376,8,34);
INSERT INTO sp500 ( instrument_id,sector_id,sub_industry_id) VALUES (377,10,81);
INSERT INTO sp500 ( instrument_id,sector_id,sub_industry_id) VALUES (378,5,92);
INSERT INTO sp500 ( instrument_id,sector_id,sub_industry_id) VALUES (379,4,36);
INSERT INTO sp500 ( instrument_id,sector_id,sub_industry_id) VALUES (380,4,97);
INSERT INTO sp500 ( instrument_id,sector_id,sub_industry_id) VALUES (381,3,87);
INSERT INTO sp500 ( instrument_id,sector_id,sub_industry_id) VALUES (382,1,9);
INSERT INTO sp500 ( instrument_id,sector_id,sub_industry_id) VALUES (383,6,64);
INSERT INTO sp500 ( instrument_id,sector_id,sub_industry_id) VALUES (384,8,65);
INSERT INTO sp500 ( instrument_id,sector_id,sub_industry_id) VALUES (385,3,86);
INSERT INTO sp500 ( instrument_id,sector_id,sub_industry_id) VALUES (386,7,103);
INSERT INTO sp500 ( instrument_id,sector_id,sub_industry_id) VALUES (387,3,86);
INSERT INTO sp500 ( instrument_id,sector_id,sub_industry_id) VALUES (388,6,64);
INSERT INTO sp500 ( instrument_id,sector_id,sub_industry_id) VALUES (389,2,112);
INSERT INTO sp500 ( instrument_id,sector_id,sub_industry_id) VALUES (390,1,58);
INSERT INTO sp500 ( instrument_id,sector_id,sub_industry_id) VALUES (391,5,15);
INSERT INTO sp500 ( instrument_id,sector_id,sub_industry_id) VALUES (392,4,36);
INSERT INTO sp500 ( instrument_id,sector_id,sub_industry_id) VALUES (393,6,64);
INSERT INTO sp500 ( instrument_id,sector_id,sub_industry_id) VALUES (394,7,109);
INSERT INTO sp500 ( instrument_id,sector_id,sub_industry_id) VALUES (395,3,84);
INSERT INTO sp500 ( instrument_id,sector_id,sub_industry_id) VALUES (396,1,9);
INSERT INTO sp500 ( instrument_id,sector_id,sub_industry_id) VALUES (397,6,64);
INSERT INTO sp500 ( instrument_id,sector_id,sub_industry_id) VALUES (398,6,64);
INSERT INTO sp500 ( instrument_id,sector_id,sub_industry_id) VALUES (399,1,8);
INSERT INTO sp500 ( instrument_id,sector_id,sub_industry_id) VALUES (400,3,86);
INSERT INTO sp500 ( instrument_id,sector_id,sub_industry_id) VALUES (401,6,64);
INSERT INTO sp500 ( instrument_id,sector_id,sub_industry_id) VALUES (402,6,2);
INSERT INTO sp500 ( instrument_id,sector_id,sub_industry_id) VALUES (403,1,100);
INSERT INTO sp500 ( instrument_id,sector_id,sub_industry_id) VALUES (404,10,81);
INSERT INTO sp500 ( instrument_id,sector_id,sub_industry_id) VALUES (405,4,36);
INSERT INTO sp500 ( instrument_id,sector_id,sub_industry_id) VALUES (406,3,87);
INSERT INTO sp500 ( instrument_id,sector_id,sub_industry_id) VALUES (407,8,89);
INSERT INTO sp500 ( instrument_id,sector_id,sub_industry_id) VALUES (408,8,105);
INSERT INTO sp500 ( instrument_id,sector_id,sub_industry_id) VALUES (409,8,34);
INSERT INTO sp500 ( instrument_id,sector_id,sub_industry_id) VALUES (410,2,88);
INSERT INTO sp500 ( instrument_id,sector_id,sub_industry_id) VALUES (411,3,85);
INSERT INTO sp500 ( instrument_id,sector_id,sub_industry_id) VALUES (412,1,60);
INSERT INTO sp500 ( instrument_id,sector_id,sub_industry_id) VALUES (413,7,23);
INSERT INTO sp500 ( instrument_id,sector_id,sub_industry_id) VALUES (414,1,17);
INSERT INTO sp500 ( instrument_id,sector_id,sub_industry_id) VALUES (415,10,81);
INSERT INTO sp500 ( instrument_id,sector_id,sub_industry_id) VALUES (416,4,97);
INSERT INTO sp500 ( instrument_id,sector_id,sub_industry_id) VALUES (417,1,107);
INSERT INTO sp500 ( instrument_id,sector_id,sub_industry_id) VALUES (418,6,64);
INSERT INTO sp500 ( instrument_id,sector_id,sub_industry_id) VALUES (419,10,81);
INSERT INTO sp500 ( instrument_id,sector_id,sub_industry_id) VALUES (420,4,14);
INSERT INTO sp500 ( instrument_id,sector_id,sub_industry_id) VALUES (421,5,52);
INSERT INTO sp500 ( instrument_id,sector_id,sub_industry_id) VALUES (422,4,36);
INSERT INTO sp500 ( instrument_id,sector_id,sub_industry_id) VALUES (423,7,23);
INSERT INTO sp500 ( instrument_id,sector_id,sub_industry_id) VALUES (424,2,33);
INSERT INTO sp500 ( instrument_id,sector_id,sub_industry_id) VALUES (425,1,60);
INSERT INTO sp500 ( instrument_id,sector_id,sub_industry_id) VALUES (426,3,86);
INSERT INTO sp500 ( instrument_id,sector_id,sub_industry_id) VALUES (427,5,52);
INSERT INTO sp500 ( instrument_id,sector_id,sub_industry_id) VALUES (428,7,10);
INSERT INTO sp500 ( instrument_id,sector_id,sub_industry_id) VALUES (429,2,45);
INSERT INTO sp500 ( instrument_id,sector_id,sub_industry_id) VALUES (430,9,70);
INSERT INTO sp500 ( instrument_id,sector_id,sub_industry_id) VALUES (431,2,16);
INSERT INTO sp500 ( instrument_id,sector_id,sub_industry_id) VALUES (432,7,10);
INSERT INTO sp500 ( instrument_id,sector_id,sub_industry_id) VALUES (433,10,81);
INSERT INTO sp500 ( instrument_id,sector_id,sub_industry_id) VALUES (434,10,47);
INSERT INTO sp500 ( instrument_id,sector_id,sub_industry_id) VALUES (435,7,42);
INSERT INTO sp500 ( instrument_id,sector_id,sub_industry_id) VALUES (436,1,48);
INSERT INTO sp500 ( instrument_id,sector_id,sub_industry_id) VALUES (437,5,53);
INSERT INTO sp500 ( instrument_id,sector_id,sub_industry_id) VALUES (438,1,9);
INSERT INTO sp500 ( instrument_id,sector_id,sub_industry_id) VALUES (439,1,8);
INSERT INTO sp500 ( instrument_id,sector_id,sub_industry_id) VALUES (440,4,75);
INSERT INTO sp500 ( instrument_id,sector_id,sub_industry_id) VALUES (441,5,52);
INSERT INTO sp500 ( instrument_id,sector_id,sub_industry_id) VALUES (442,1,71);
INSERT INTO sp500 ( instrument_id,sector_id,sub_industry_id) VALUES (443,4,36);
INSERT INTO sp500 ( instrument_id,sector_id,sub_industry_id) VALUES (444,4,93);
INSERT INTO sp500 ( instrument_id,sector_id,sub_industry_id) VALUES (445,1,106);
INSERT INTO sp500 ( instrument_id,sector_id,sub_industry_id) VALUES (446,2,88);
INSERT INTO sp500 ( instrument_id,sector_id,sub_industry_id) VALUES (447,3,87);
INSERT INTO sp500 ( instrument_id,sector_id,sub_industry_id) VALUES (448,7,72);
INSERT INTO sp500 ( instrument_id,sector_id,sub_industry_id) VALUES (449,1,17);
INSERT INTO sp500 ( instrument_id,sector_id,sub_industry_id) VALUES (450,1,17);
INSERT INTO sp500 ( instrument_id,sector_id,sub_industry_id) VALUES (451,7,103);
INSERT INTO sp500 ( instrument_id,sector_id,sub_industry_id) VALUES (452,6,64);
INSERT INTO sp500 ( instrument_id,sector_id,sub_industry_id) VALUES (453,6,64);
INSERT INTO sp500 ( instrument_id,sector_id,sub_industry_id) VALUES (454,1,9);
INSERT INTO sp500 ( instrument_id,sector_id,sub_industry_id) VALUES (455,5,53);
INSERT INTO sp500 ( instrument_id,sector_id,sub_industry_id) VALUES (456,5,76);
INSERT INTO sp500 ( instrument_id,sector_id,sub_industry_id) VALUES (457,4,36);
INSERT INTO sp500 ( instrument_id,sector_id,sub_industry_id) VALUES (458,6,95);
INSERT INTO sp500 ( instrument_id,sector_id,sub_industry_id) VALUES (459,6,4);
INSERT INTO sp500 ( instrument_id,sector_id,sub_industry_id) VALUES (460,1,8);
INSERT INTO sp500 ( instrument_id,sector_id,sub_industry_id) VALUES (461,6,113);
INSERT INTO sp500 ( instrument_id,sector_id,sub_industry_id) VALUES (462,4,14);
INSERT INTO sp500 ( instrument_id,sector_id,sub_industry_id) VALUES (463,6,64);
INSERT INTO sp500 ( instrument_id,sector_id,sub_industry_id) VALUES (464,7,72);
INSERT INTO sp500 ( instrument_id,sector_id,sub_industry_id) VALUES (465,5,52);
INSERT INTO sp500 ( instrument_id,sector_id,sub_industry_id) VALUES (466,1,9);
INSERT INTO sp500 ( instrument_id,sector_id,sub_industry_id) VALUES (467,1,17);
INSERT INTO sp500 ( instrument_id,sector_id,sub_industry_id) VALUES (468,3,87);
INSERT INTO sp500 ( instrument_id,sector_id,sub_industry_id) VALUES (469,8,27);
INSERT INTO sp500 ( instrument_id,sector_id,sub_industry_id) VALUES (470,4,97);
INSERT INTO sp500 ( instrument_id,sector_id,sub_industry_id) VALUES (471,7,72);
INSERT INTO sp500 ( instrument_id,sector_id,sub_industry_id) VALUES (472,5,15);
INSERT INTO sp500 ( instrument_id,sector_id,sub_industry_id) VALUES (473,4,36);
INSERT INTO sp500 ( instrument_id,sector_id,sub_industry_id) VALUES (474,9,70);
INSERT INTO sp500 ( instrument_id,sector_id,sub_industry_id) VALUES (475,5,51);
INSERT INTO sp500 ( instrument_id,sector_id,sub_industry_id) VALUES (476,2,38);
INSERT INTO sp500 ( instrument_id,sector_id,sub_industry_id) VALUES (477,7,23);
INSERT INTO sp500 ( instrument_id,sector_id,sub_industry_id) VALUES (478,10,81);
INSERT INTO sp500 ( instrument_id,sector_id,sub_industry_id) VALUES (479,4,14);
INSERT INTO sp500 ( instrument_id,sector_id,sub_industry_id) VALUES (480,2,46);
INSERT INTO sp500 ( instrument_id,sector_id,sub_industry_id) VALUES (481,1,60);
INSERT INTO sp500 ( instrument_id,sector_id,sub_industry_id) VALUES (482,9,70);
INSERT INTO sp500 ( instrument_id,sector_id,sub_industry_id) VALUES (483,6,43);
INSERT INTO sp500 ( instrument_id,sector_id,sub_industry_id) VALUES (484,3,86);
INSERT INTO sp500 ( instrument_id,sector_id,sub_industry_id) VALUES (485,2,63);
INSERT INTO sp500 ( instrument_id,sector_id,sub_industry_id) VALUES (486,7,72);
INSERT INTO sp500 ( instrument_id,sector_id,sub_industry_id) VALUES (487,4,97);
INSERT INTO sp500 ( instrument_id,sector_id,sub_industry_id) VALUES (488,1,59);
INSERT INTO sp500 ( instrument_id,sector_id,sub_industry_id) VALUES (489,1,19);
INSERT INTO sp500 ( instrument_id,sector_id,sub_industry_id) VALUES (490,3,86);
INSERT INTO sp500 ( instrument_id,sector_id,sub_industry_id) VALUES (491,10,81);
INSERT INTO sp500 ( instrument_id,sector_id,sub_industry_id) VALUES (492,4,93);
INSERT INTO sp500 ( instrument_id,sector_id,sub_industry_id) VALUES (493,7,103);
INSERT INTO sp500 ( instrument_id,sector_id,sub_industry_id) VALUES (494,3,69);
INSERT INTO sp500 ( instrument_id,sector_id,sub_industry_id) VALUES (495,5,54);
INSERT INTO sp500 ( instrument_id,sector_id,sub_industry_id) VALUES (496,7,73);
INSERT INTO sp500 ( instrument_id,sector_id,sub_industry_id) VALUES (497,6,64);
INSERT INTO sp500 ( instrument_id,sector_id,sub_industry_id) VALUES (498,7,72);
INSERT INTO sp500 ( instrument_id,sector_id,sub_industry_id) VALUES (499,1,100);
INSERT INTO sp500 ( instrument_id,sector_id,sub_industry_id) VALUES (500,4,14);
INSERT INTO sp500 ( instrument_id,sector_id,sub_industry_id) VALUES (501,5,52);
INSERT INTO sp500 ( instrument_id,sector_id,sub_industry_id) VALUES (502,5,92);

--Fetch the first 5 records to display
SELECT * FROM sp500 LIMIT 5;

--Create the sector table
CREATE TABLE sector 
(
sector_id SERIAL, 
sector_gics VARCHAR(40) NOT NULL, 
PRIMARY KEY ( sector_id )
);

--Load the sector table
INSERT INTO sector ( sector_id, sector_gics) VALUES ( 1, 'Consumer Discretionary');
INSERT INTO sector ( sector_id, sector_gics) VALUES ( 2, 'Consumer Staples');
INSERT INTO sector ( sector_id, sector_gics) VALUES ( 3, 'Energy');
INSERT INTO sector ( sector_id, sector_gics) VALUES ( 4, 'Financials');
INSERT INTO sector ( sector_id, sector_gics) VALUES ( 5, 'Health Care');
INSERT INTO sector ( sector_id, sector_gics) VALUES ( 6, 'Industrials');
INSERT INTO sector ( sector_id, sector_gics) VALUES ( 7, 'Information Technology');
INSERT INTO sector ( sector_id, sector_gics) VALUES ( 8, 'Materials');
INSERT INTO sector ( sector_id, sector_gics) VALUES ( 9, 'Telecommunications Services');
INSERT INTO sector ( sector_id, sector_gics) VALUES ( 10, 'Utilities');

--Fetch the first 5 records to display
SELECT * FROM sector LIMIT 5;

--Create the sub industry table
CREATE TABLE sub_industry 
(sub_industry_id SERIAL, 
sub_industry_gics  VARCHAR(60) NOT NULL, 
PRIMARY KEY ( sub_industry_id )
);

--Load the industry table
INSERT INTO sub_industry ( sub_industry_id, sub_industry_gics) VALUES ( 1,'Advertising');
INSERT INTO sub_industry ( sub_industry_id, sub_industry_gics) VALUES ( 2,'Aerospace & Defense');
INSERT INTO sub_industry ( sub_industry_id, sub_industry_gics) VALUES ( 3,'Agricultural Products');
INSERT INTO sub_industry ( sub_industry_id, sub_industry_gics) VALUES ( 4,'Air Freight & Logistics');
INSERT INTO sub_industry ( sub_industry_id, sub_industry_gics) VALUES ( 5,'Airlines');
INSERT INTO sub_industry ( sub_industry_id, sub_industry_gics) VALUES ( 6,'Alternative Carriers');
INSERT INTO sub_industry ( sub_industry_id, sub_industry_gics) VALUES ( 7,'Aluminum');
INSERT INTO sub_industry ( sub_industry_id, sub_industry_gics) VALUES ( 8,'Apparel Retail');
INSERT INTO sub_industry ( sub_industry_id, sub_industry_gics) VALUES ( 9,'Apparel, Accessories & Luxury Goods');
INSERT INTO sub_industry ( sub_industry_id, sub_industry_gics) VALUES ( 10,'Application Software');
INSERT INTO sub_industry ( sub_industry_id, sub_industry_gics) VALUES ( 11,'Asset Management & Custody Banks');
INSERT INTO sub_industry ( sub_industry_id, sub_industry_gics) VALUES ( 12,'Auto Parts & Equipment');
INSERT INTO sub_industry ( sub_industry_id, sub_industry_gics) VALUES ( 13,'Automobile Manufacturers');
INSERT INTO sub_industry ( sub_industry_id, sub_industry_gics) VALUES ( 14,'Banks');
INSERT INTO sub_industry ( sub_industry_id, sub_industry_gics) VALUES ( 15,'Biotechnology');
INSERT INTO sub_industry ( sub_industry_id, sub_industry_gics) VALUES ( 16,'Brewers');
INSERT INTO sub_industry ( sub_industry_id, sub_industry_gics) VALUES ( 17,'Broadcasting & Cable TV');
INSERT INTO sub_industry ( sub_industry_id, sub_industry_gics) VALUES ( 18,'Building Products');
INSERT INTO sub_industry ( sub_industry_id, sub_industry_gics) VALUES ( 19,'Casinos & Gaming');
INSERT INTO sub_industry ( sub_industry_id, sub_industry_gics) VALUES ( 20,'Coal & Consumable Fuels');
INSERT INTO sub_industry ( sub_industry_id, sub_industry_gics) VALUES ( 21,'Computer & Electronics Retail');
INSERT INTO sub_industry ( sub_industry_id, sub_industry_gics) VALUES ( 22,'Computer Hardware');
INSERT INTO sub_industry ( sub_industry_id, sub_industry_gics) VALUES ( 23,'Computer Storage & Peripherals');
INSERT INTO sub_industry ( sub_industry_id, sub_industry_gics) VALUES ( 24,'Construction');
INSERT INTO sub_industry ( sub_industry_id, sub_industry_gics) VALUES ( 25,'Construction & Engineering');
INSERT INTO sub_industry ( sub_industry_id, sub_industry_gics) VALUES ( 26,'Construction & Farm Machinery & Heavy Trucks');
INSERT INTO sub_industry ( sub_industry_id, sub_industry_gics) VALUES ( 27,'Construction Materials');
INSERT INTO sub_industry ( sub_industry_id, sub_industry_gics) VALUES ( 28,'Consumer Electronics');
INSERT INTO sub_industry ( sub_industry_id, sub_industry_gics) VALUES ( 29,'Consumer Finance');
INSERT INTO sub_industry ( sub_industry_id, sub_industry_gics) VALUES ( 30,'Data Processing & Outsourced Services');
INSERT INTO sub_industry ( sub_industry_id, sub_industry_gics) VALUES ( 31,'Data Processing Services');
INSERT INTO sub_industry ( sub_industry_id, sub_industry_gics) VALUES ( 32,'Department Stores');
INSERT INTO sub_industry ( sub_industry_id, sub_industry_gics) VALUES ( 33,'Distillers & Vintners');
INSERT INTO sub_industry ( sub_industry_id, sub_industry_gics) VALUES ( 34,'Diversified Chemicals');
INSERT INTO sub_industry ( sub_industry_id, sub_industry_gics) VALUES ( 35,'Diversified Commercial Services');
INSERT INTO sub_industry ( sub_industry_id, sub_industry_gics) VALUES ( 36,'Diversified Financial Services');
INSERT INTO sub_industry ( sub_industry_id, sub_industry_gics) VALUES ( 37,'Diversified Metals & Mining');
INSERT INTO sub_industry ( sub_industry_id, sub_industry_gics) VALUES ( 38,'Drug Retail');
INSERT INTO sub_industry ( sub_industry_id, sub_industry_gics) VALUES ( 39,'Electric Utilities');
INSERT INTO sub_industry ( sub_industry_id, sub_industry_gics) VALUES ( 40,'Electrical Components & Equipment');
INSERT INTO sub_industry ( sub_industry_id, sub_industry_gics) VALUES ( 41,'Electrical Components and Equipment');
INSERT INTO sub_industry ( sub_industry_id, sub_industry_gics) VALUES ( 42,'Electronic Equipment & Instruments');
INSERT INTO sub_industry ( sub_industry_id, sub_industry_gics) VALUES ( 43,'Environmental Services');
INSERT INTO sub_industry ( sub_industry_id, sub_industry_gics) VALUES ( 44,'Fertilizers & Agricultural Chemicals');
INSERT INTO sub_industry ( sub_industry_id, sub_industry_gics) VALUES ( 45,'Food Distributors');
INSERT INTO sub_industry ( sub_industry_id, sub_industry_gics) VALUES ( 46,'Food Retail');
INSERT INTO sub_industry ( sub_industry_id, sub_industry_gics) VALUES ( 47,'Gas Utilities');
INSERT INTO sub_industry ( sub_industry_id, sub_industry_gics) VALUES ( 48,'General Merchandise Stores');
INSERT INTO sub_industry ( sub_industry_id, sub_industry_gics) VALUES ( 49,'Gold');
INSERT INTO sub_industry ( sub_industry_id, sub_industry_gics) VALUES ( 50,'Health Care Distribution & Services');
INSERT INTO sub_industry ( sub_industry_id, sub_industry_gics) VALUES ( 51,'Health Care Distributors & Services');
INSERT INTO sub_industry ( sub_industry_id, sub_industry_gics) VALUES ( 52,'Health Care Equipment & Services');
INSERT INTO sub_industry ( sub_industry_id, sub_industry_gics) VALUES ( 53,'Health Care Facilities');
INSERT INTO sub_industry ( sub_industry_id, sub_industry_gics) VALUES ( 54,'Health Care Supplies');
INSERT INTO sub_industry ( sub_industry_id, sub_industry_gics) VALUES ( 55,'Home Furnishings');
INSERT INTO sub_industry ( sub_industry_id, sub_industry_gics) VALUES ( 56,'Home Improvement Retail');
INSERT INTO sub_industry ( sub_industry_id, sub_industry_gics) VALUES ( 57,'Homebuilding');
INSERT INTO sub_industry ( sub_industry_id, sub_industry_gics) VALUES ( 58,'Hotel, Resorts and Cruise Lines');
INSERT INTO sub_industry ( sub_industry_id, sub_industry_gics) VALUES ( 59,'Hotels, Resorts & Cruise Lines');
INSERT INTO sub_industry ( sub_industry_id, sub_industry_gics) VALUES ( 60,'Household Appliances');
INSERT INTO sub_industry ( sub_industry_id, sub_industry_gics) VALUES ( 61,'Household Products');
INSERT INTO sub_industry ( sub_industry_id, sub_industry_gics) VALUES ( 62,'Housewares & Specialties');
INSERT INTO sub_industry ( sub_industry_id, sub_industry_gics) VALUES ( 63,'Hypermarkets & Super Centers');
INSERT INTO sub_industry ( sub_industry_id, sub_industry_gics) VALUES ( 64,'Industrial Conglomerates');
INSERT INTO sub_industry ( sub_industry_id, sub_industry_gics) VALUES ( 65,'Industrial Gases');
INSERT INTO sub_industry ( sub_industry_id, sub_industry_gics) VALUES ( 66,'Industrial Machinery');
INSERT INTO sub_industry ( sub_industry_id, sub_industry_gics) VALUES ( 67,'Industrial Materials');
INSERT INTO sub_industry ( sub_industry_id, sub_industry_gics) VALUES ( 68,'Insurance Brokers');
INSERT INTO sub_industry ( sub_industry_id, sub_industry_gics) VALUES ( 69,'Integrated Oil & Gas');
INSERT INTO sub_industry ( sub_industry_id, sub_industry_gics) VALUES ( 70,'Integrated Telecommunications Services');
INSERT INTO sub_industry ( sub_industry_id, sub_industry_gics) VALUES ( 71,'Internet Retail');
INSERT INTO sub_industry ( sub_industry_id, sub_industry_gics) VALUES ( 72,'Internet Software & Services');
INSERT INTO sub_industry ( sub_industry_id, sub_industry_gics) VALUES ( 73,'IT Consulting & Services');
INSERT INTO sub_industry ( sub_industry_id, sub_industry_gics) VALUES ( 74,'Leisure Products');
INSERT INTO sub_industry ( sub_industry_id, sub_industry_gics) VALUES ( 75,'Life & Health Insurance');
INSERT INTO sub_industry ( sub_industry_id, sub_industry_gics) VALUES ( 76,'Managed Health Care');
INSERT INTO sub_industry ( sub_industry_id, sub_industry_gics) VALUES ( 77,'Metal & Glass Containers');
INSERT INTO sub_industry ( sub_industry_id, sub_industry_gics) VALUES ( 78,'Motorcycle Manufacturers');
INSERT INTO sub_industry ( sub_industry_id, sub_industry_gics) VALUES ( 79,'Multi-line Insurance');
INSERT INTO sub_industry ( sub_industry_id, sub_industry_gics) VALUES ( 80,'Multi-Sector Holdings');
INSERT INTO sub_industry ( sub_industry_id, sub_industry_gics) VALUES ( 81,'Multi-Utilities & Unregulated Power');
INSERT INTO sub_industry ( sub_industry_id, sub_industry_gics) VALUES ( 82,'Networking Equipment');
INSERT INTO sub_industry ( sub_industry_id, sub_industry_gics) VALUES ( 83,'Office Services & Supplies');
INSERT INTO sub_industry ( sub_industry_id, sub_industry_gics) VALUES ( 84,'Oil & Gas Drilling');
INSERT INTO sub_industry ( sub_industry_id, sub_industry_gics) VALUES ( 85,'Oil & Gas Equipment & Services');
INSERT INTO sub_industry ( sub_industry_id, sub_industry_gics) VALUES ( 86,'Oil & Gas Exploration & Production');
INSERT INTO sub_industry ( sub_industry_id, sub_industry_gics) VALUES ( 87,'Oil & Gas Refining & Marketing & Transportation');
INSERT INTO sub_industry ( sub_industry_id, sub_industry_gics) VALUES ( 88,'Packaged Foods & Meats');
INSERT INTO sub_industry ( sub_industry_id, sub_industry_gics) VALUES ( 89,'Paper Packaging');
INSERT INTO sub_industry ( sub_industry_id, sub_industry_gics) VALUES ( 90,'Paper Products');
INSERT INTO sub_industry ( sub_industry_id, sub_industry_gics) VALUES ( 91,'Personal Products');
INSERT INTO sub_industry ( sub_industry_id, sub_industry_gics) VALUES ( 92,'Pharmaceuticals');
INSERT INTO sub_industry ( sub_industry_id, sub_industry_gics) VALUES ( 93,'Property & Casualty Insurance');
INSERT INTO sub_industry ( sub_industry_id, sub_industry_gics) VALUES ( 94,'Publishing');
INSERT INTO sub_industry ( sub_industry_id, sub_industry_gics) VALUES ( 95,'Railroads');
INSERT INTO sub_industry ( sub_industry_id, sub_industry_gics) VALUES ( 96,'Real Estate Management & Development');
INSERT INTO sub_industry ( sub_industry_id, sub_industry_gics) VALUES ( 97,'REITs');
INSERT INTO sub_industry ( sub_industry_id, sub_industry_gics) VALUES ( 98,'Research & Consulting Services');
INSERT INTO sub_industry ( sub_industry_id, sub_industry_gics) VALUES ( 99,'Residential REITs');
INSERT INTO sub_industry ( sub_industry_id, sub_industry_gics) VALUES ( 100,'Restaurants');
INSERT INTO sub_industry ( sub_industry_id, sub_industry_gics) VALUES ( 101,'Retail REITs');
INSERT INTO sub_industry ( sub_industry_id, sub_industry_gics) VALUES ( 102,'Semiconductor Equipment');
INSERT INTO sub_industry ( sub_industry_id, sub_industry_gics) VALUES ( 103,'Semiconductors');
INSERT INTO sub_industry ( sub_industry_id, sub_industry_gics) VALUES ( 104,'Soft Drinks');
INSERT INTO sub_industry ( sub_industry_id, sub_industry_gics) VALUES ( 105,'Specialty Chemicals');
INSERT INTO sub_industry ( sub_industry_id, sub_industry_gics) VALUES ( 106,'Specialty Retail');
INSERT INTO sub_industry ( sub_industry_id, sub_industry_gics) VALUES ( 107,'Specialty Stores');
INSERT INTO sub_industry ( sub_industry_id, sub_industry_gics) VALUES ( 108,'Steel');
INSERT INTO sub_industry ( sub_industry_id, sub_industry_gics) VALUES ( 109,'Systems Software');
INSERT INTO sub_industry ( sub_industry_id, sub_industry_gics) VALUES ( 110,'Telecommunications Equipment');
INSERT INTO sub_industry ( sub_industry_id, sub_industry_gics) VALUES ( 111,'Tires & Rubber');
INSERT INTO sub_industry ( sub_industry_id, sub_industry_gics) VALUES ( 112,'Tobacco');
INSERT INTO sub_industry ( sub_industry_id, sub_industry_gics) VALUES ( 113,'Trading Companies & Distributors');

--Fetch the first 5 records to display
SELECT * FROM sub_industry LIMIT 5;

--Create instrument table
CREATE TABLE instrument 
(
instrument_id INT NOT NULL,
instrument_ticker VARCHAR(30) NOT NULL, 
instrument_name VARCHAR(60) NOT NULL, 
cik VARCHAR(20) NOT NULL, 
PRIMARY KEY ( instrument_id )
);

--Load instrument table
INSERT INTO instrument ( instrument_id , instrument_ticker, instrument_name, cik) VALUES ( 1,'A','Agilent Technologies Inc','0001090872');
INSERT INTO instrument ( instrument_id , instrument_ticker, instrument_name, cik) VALUES ( 2,'AA','Alcoa Inc','0000004281');
INSERT INTO instrument ( instrument_id , instrument_ticker, instrument_name, cik) VALUES ( 3,'AAPL','Apple Inc.','0000320193');
INSERT INTO instrument ( instrument_id , instrument_ticker, instrument_name, cik) VALUES ( 4,'ABBV','AbbVie','0001551152');
INSERT INTO instrument ( instrument_id , instrument_ticker, instrument_name, cik) VALUES ( 5,'ABC','AmerisourceBergen Corp','0001140859');
INSERT INTO instrument ( instrument_id , instrument_ticker, instrument_name, cik) VALUES ( 6,'ABT','Abbott Laboratories','0000001800');
INSERT INTO instrument ( instrument_id , instrument_ticker, instrument_name, cik) VALUES ( 7,'ACE','ACE Limited','0000896159');
INSERT INTO instrument ( instrument_id , instrument_ticker, instrument_name, cik) VALUES ( 8,'ACN','Accenture plc','0001467373');
INSERT INTO instrument ( instrument_id , instrument_ticker, instrument_name, cik) VALUES ( 9,'ACT','Actavis plc','0000884629');
INSERT INTO instrument ( instrument_id , instrument_ticker, instrument_name, cik) VALUES ( 10,'ADBE','Adobe Systems Inc','0000796343');
INSERT INTO instrument ( instrument_id , instrument_ticker, instrument_name, cik) VALUES ( 11,'ADI','Analog Devices, Inc.','0000006281');
INSERT INTO instrument ( instrument_id , instrument_ticker, instrument_name, cik) VALUES ( 12,'ADM','Archer-Daniels-Midland Co','0000007084');
INSERT INTO instrument ( instrument_id , instrument_ticker, instrument_name, cik) VALUES ( 13,'ADP','Automatic Data Processing','0000008670');
INSERT INTO instrument ( instrument_id , instrument_ticker, instrument_name, cik) VALUES ( 14,'ADS','Alliance Data Systems','0001101215');
INSERT INTO instrument ( instrument_id , instrument_ticker, instrument_name, cik) VALUES ( 15,'ADSK','Autodesk Inc','0000769397');
INSERT INTO instrument ( instrument_id , instrument_ticker, instrument_name, cik) VALUES ( 16,'ADT','ADT Corp','0001546640');
INSERT INTO instrument ( instrument_id , instrument_ticker, instrument_name, cik) VALUES ( 17,'AEE','Ameren Corp','0001002910');
INSERT INTO instrument ( instrument_id , instrument_ticker, instrument_name, cik) VALUES ( 18,'AEP','American Electric Power','0000004904');
INSERT INTO instrument ( instrument_id , instrument_ticker, instrument_name, cik) VALUES ( 19,'AES','AES Corp','0000874761');
INSERT INTO instrument ( instrument_id , instrument_ticker, instrument_name, cik) VALUES ( 20,'AET','Aetna Inc','0001122304');
INSERT INTO instrument ( instrument_id , instrument_ticker, instrument_name, cik) VALUES ( 21,'AFL','AFLAC Inc','0000004977');
INSERT INTO instrument ( instrument_id , instrument_ticker, instrument_name, cik) VALUES ( 22,'AGN','Allergan Inc','0000850693');
INSERT INTO instrument ( instrument_id , instrument_ticker, instrument_name, cik) VALUES ( 23,'AIG','American International Group, Inc.','0000005272');
INSERT INTO instrument ( instrument_id , instrument_ticker, instrument_name, cik) VALUES ( 24,'AIV','Apartment Investment & Mgmt','0000922864');
INSERT INTO instrument ( instrument_id , instrument_ticker, instrument_name, cik) VALUES ( 25,'AIZ','Assurant Inc','0001267238');
INSERT INTO instrument ( instrument_id , instrument_ticker, instrument_name, cik) VALUES ( 26,'AKAM','Akamai Technologies Inc','0001086222');
INSERT INTO instrument ( instrument_id , instrument_ticker, instrument_name, cik) VALUES ( 27,'ALL','Allstate Corp','0000899051');
INSERT INTO instrument ( instrument_id , instrument_ticker, instrument_name, cik) VALUES ( 28,'ALLE','Allegion','0001579241');
INSERT INTO instrument ( instrument_id , instrument_ticker, instrument_name, cik) VALUES ( 29,'ALTR','Altera Corp','0000768251');
INSERT INTO instrument ( instrument_id , instrument_ticker, instrument_name, cik) VALUES ( 30,'ALXN','Alexion Pharmaceuticals','0000899866');
INSERT INTO instrument ( instrument_id , instrument_ticker, instrument_name, cik) VALUES ( 31,'AMAT','Applied Materials Inc','0000006951');
INSERT INTO instrument ( instrument_id , instrument_ticker, instrument_name, cik) VALUES ( 32,'AME','Ametek','0001037868');
INSERT INTO instrument ( instrument_id , instrument_ticker, instrument_name, cik) VALUES ( 33,'AMG','Affiliated Managers Group Inc','0001004434');
INSERT INTO instrument ( instrument_id , instrument_ticker, instrument_name, cik) VALUES ( 34,'AMGN','Amgen Inc','0000318154');
INSERT INTO instrument ( instrument_id , instrument_ticker, instrument_name, cik) VALUES ( 35,'AMP','Ameriprise Financial','0000820027');
INSERT INTO instrument ( instrument_id , instrument_ticker, instrument_name, cik) VALUES ( 36,'AMT','American Tower Corp A','0001053507');
INSERT INTO instrument ( instrument_id , instrument_ticker, instrument_name, cik) VALUES ( 37,'AMZN','Amazon.com Inc','0001018724');
INSERT INTO instrument ( instrument_id , instrument_ticker, instrument_name, cik) VALUES ( 38,'AN','AutoNation Inc','0000350698');
INSERT INTO instrument ( instrument_id , instrument_ticker, instrument_name, cik) VALUES ( 39,'ANTM','Anthem Inc.','0001156039');
INSERT INTO instrument ( instrument_id , instrument_ticker, instrument_name, cik) VALUES ( 40,'AON','Aon plc','0000315293');
INSERT INTO instrument ( instrument_id , instrument_ticker, instrument_name, cik) VALUES ( 41,'APA','Apache Corporation','0000006769');
INSERT INTO instrument ( instrument_id , instrument_ticker, instrument_name, cik) VALUES ( 42,'APC','Anadarko Petroleum Corp','0000773910');
INSERT INTO instrument ( instrument_id , instrument_ticker, instrument_name, cik) VALUES ( 43,'APD','Air Products & Chemicals Inc','0000002969');
INSERT INTO instrument ( instrument_id , instrument_ticker, instrument_name, cik) VALUES ( 44,'APH','Amphenol Corp A','0000820313');
INSERT INTO instrument ( instrument_id , instrument_ticker, instrument_name, cik) VALUES ( 45,'ARG','Airgas Inc','0000804212');
INSERT INTO instrument ( instrument_id , instrument_ticker, instrument_name, cik) VALUES ( 46,'ATI','Allegheny Technologies Inc','0001018963');
INSERT INTO instrument ( instrument_id , instrument_ticker, instrument_name, cik) VALUES ( 47,'AVB','AvalonBay Communities, Inc.','0000915912');
INSERT INTO instrument ( instrument_id , instrument_ticker, instrument_name, cik) VALUES ( 48,'AVGO','Avago Technologies','0001441634');
INSERT INTO instrument ( instrument_id , instrument_ticker, instrument_name, cik) VALUES ( 49,'AVP','Avon Products','0000008868');
INSERT INTO instrument ( instrument_id , instrument_ticker, instrument_name, cik) VALUES ( 50,'AVY','Avery Dennison Corp','0000008818');
INSERT INTO instrument ( instrument_id , instrument_ticker, instrument_name, cik) VALUES ( 51,'AXP','American Express Co','0000004962');
INSERT INTO instrument ( instrument_id , instrument_ticker, instrument_name, cik) VALUES ( 52,'AZO','AutoZone Inc','0000866787');
INSERT INTO instrument ( instrument_id , instrument_ticker, instrument_name, cik) VALUES ( 53,'BA','Boeing Company','0000012927');
INSERT INTO instrument ( instrument_id , instrument_ticker, instrument_name, cik) VALUES ( 54,'BAC','Bank of America Corp','0000070858');
INSERT INTO instrument ( instrument_id , instrument_ticker, instrument_name, cik) VALUES ( 55,'BAX','Baxter International Inc.','0000010456');
INSERT INTO instrument ( instrument_id , instrument_ticker, instrument_name, cik) VALUES ( 56,'BBBY','Bed Bath & Beyond','0000886158');
INSERT INTO instrument ( instrument_id , instrument_ticker, instrument_name, cik) VALUES ( 57,'BBT','BB&T Corporation','0000092230');
INSERT INTO instrument ( instrument_id , instrument_ticker, instrument_name, cik) VALUES ( 58,'BBY','Best Buy Co. Inc.','0000764478');
INSERT INTO instrument ( instrument_id , instrument_ticker, instrument_name, cik) VALUES ( 59,'BCR','Bard (C.R.) Inc.','0000009892');
INSERT INTO instrument ( instrument_id , instrument_ticker, instrument_name, cik) VALUES ( 60,'BDX','Becton Dickinson','0000010795');
INSERT INTO instrument ( instrument_id , instrument_ticker, instrument_name, cik) VALUES ( 61,'BEN','Franklin Resources','0000038777');
INSERT INTO instrument ( instrument_id , instrument_ticker, instrument_name, cik) VALUES ( 62,'BF.B','Brown-Forman Corporation','0000014693');
INSERT INTO instrument ( instrument_id , instrument_ticker, instrument_name, cik) VALUES ( 63,'BHI','Baker Hughes Inc','0000808362');
INSERT INTO instrument ( instrument_id , instrument_ticker, instrument_name, cik) VALUES ( 64,'BIIB','BIOGEN IDEC Inc.','0000875045');
INSERT INTO instrument ( instrument_id , instrument_ticker, instrument_name, cik) VALUES ( 65,'BK','The Bank of New York Mellon Corp.','0001390777');
INSERT INTO instrument ( instrument_id , instrument_ticker, instrument_name, cik) VALUES ( 66,'BLK','BlackRock','0001364742');
INSERT INTO instrument ( instrument_id , instrument_ticker, instrument_name, cik) VALUES ( 67,'BLL','Ball Corp','0000009389');
INSERT INTO instrument ( instrument_id , instrument_ticker, instrument_name, cik) VALUES ( 68,'BMY','Bristol-Myers Squibb','0000014272');
INSERT INTO instrument ( instrument_id , instrument_ticker, instrument_name, cik) VALUES ( 69,'BRCM','Broadcom Corporation','0001054374');
INSERT INTO instrument ( instrument_id , instrument_ticker, instrument_name, cik) VALUES ( 70,'BRK.B','Berkshire Hathaway','0001067983');
INSERT INTO instrument ( instrument_id , instrument_ticker, instrument_name, cik) VALUES ( 71,'BSX','Boston Scientific','0000885725');
INSERT INTO instrument ( instrument_id , instrument_ticker, instrument_name, cik) VALUES ( 72,'BWA','BorgWarner','0000908255');
INSERT INTO instrument ( instrument_id , instrument_ticker, instrument_name, cik) VALUES ( 73,'BXP','Boston Properties','0001037540');
INSERT INTO instrument ( instrument_id , instrument_ticker, instrument_name, cik) VALUES ( 74,'C','Citigroup Inc.','0000831001');
INSERT INTO instrument ( instrument_id , instrument_ticker, instrument_name, cik) VALUES ( 75,'CA','CA, Inc.','0000356028');
INSERT INTO instrument ( instrument_id , instrument_ticker, instrument_name, cik) VALUES ( 76,'CAG','ConAgra Foods Inc.','0000023217');
INSERT INTO instrument ( instrument_id , instrument_ticker, instrument_name, cik) VALUES ( 77,'CAH','Cardinal Health Inc.','0000721371');
INSERT INTO instrument ( instrument_id , instrument_ticker, instrument_name, cik) VALUES ( 78,'CAM','Cameron International Corp.','0000941548');
INSERT INTO instrument ( instrument_id , instrument_ticker, instrument_name, cik) VALUES ( 79,'CAT','Caterpillar Inc.','0000018230');
INSERT INTO instrument ( instrument_id , instrument_ticker, instrument_name, cik) VALUES ( 80,'CB','Chubb Corp.','0000020171');
INSERT INTO instrument ( instrument_id , instrument_ticker, instrument_name, cik) VALUES ( 81,'CBG','CBRE Group','0001138118');
INSERT INTO instrument ( instrument_id , instrument_ticker, instrument_name, cik) VALUES ( 82,'CBS','CBS Corp.','0000813828');
INSERT INTO instrument ( instrument_id , instrument_ticker, instrument_name, cik) VALUES ( 83,'CCE','Coca-Cola Enterprises','0001491675');
INSERT INTO instrument ( instrument_id , instrument_ticker, instrument_name, cik) VALUES ( 84,'CCI','Crown Castle International Corp.','0001051470');
INSERT INTO instrument ( instrument_id , instrument_ticker, instrument_name, cik) VALUES ( 85,'CCL','Carnival Corp.','0000815097');
INSERT INTO instrument ( instrument_id , instrument_ticker, instrument_name, cik) VALUES ( 86,'CELG','Celgene Corp.','0000816284');
INSERT INTO instrument ( instrument_id , instrument_ticker, instrument_name, cik) VALUES ( 87,'CERN','Cerner','0000804753');
INSERT INTO instrument ( instrument_id , instrument_ticker, instrument_name, cik) VALUES ( 88,'CF','CF Industries Holdings Inc','0001324404');
INSERT INTO instrument ( instrument_id , instrument_ticker, instrument_name, cik) VALUES ( 89,'CFN','Carefusion','0001457543');
INSERT INTO instrument ( instrument_id , instrument_ticker, instrument_name, cik) VALUES ( 90,'CHK','Chesapeake Energy','0000895126');
INSERT INTO instrument ( instrument_id , instrument_ticker, instrument_name, cik) VALUES ( 91,'CHRW','C. H. Robinson Worldwide','0001043277');
INSERT INTO instrument ( instrument_id , instrument_ticker, instrument_name, cik) VALUES ( 92,'CI','CIGNA Corp.','0000701221');
INSERT INTO instrument ( instrument_id , instrument_ticker, instrument_name, cik) VALUES ( 93,'CINF','Cincinnati Financial','0000020286');
INSERT INTO instrument ( instrument_id , instrument_ticker, instrument_name, cik) VALUES ( 94,'CL','Colgate-Palmolive','0000021665');
INSERT INTO instrument ( instrument_id , instrument_ticker, instrument_name, cik) VALUES ( 95,'CLX','The Clorox Company','0000021076');
INSERT INTO instrument ( instrument_id , instrument_ticker, instrument_name, cik) VALUES ( 96,'CMA','Comerica Inc.','0000028412');
INSERT INTO instrument ( instrument_id , instrument_ticker, instrument_name, cik) VALUES ( 97,'CMCSA','Comcast Corp.','0001166691');
INSERT INTO instrument ( instrument_id , instrument_ticker, instrument_name, cik) VALUES ( 98,'CME','CME Group Inc.','0001156375');
INSERT INTO instrument ( instrument_id , instrument_ticker, instrument_name, cik) VALUES ( 99,'CMG','Chipotle Mexican Grill','0001058090');
INSERT INTO instrument ( instrument_id , instrument_ticker, instrument_name, cik) VALUES ( 100,'CMI','Cummins Inc.','0000026172');
INSERT INTO instrument ( instrument_id , instrument_ticker, instrument_name, cik) VALUES ( 101,'CMS','CMS Energy','0000811156');
INSERT INTO instrument ( instrument_id , instrument_ticker, instrument_name, cik) VALUES ( 102,'CNP','CenterPoint Energy','0001130310');
INSERT INTO instrument ( instrument_id , instrument_ticker, instrument_name, cik) VALUES ( 103,'CNX','CONSOL Energy Inc.','0001070412');
INSERT INTO instrument ( instrument_id , instrument_ticker, instrument_name, cik) VALUES ( 104,'COF','Capital One Financial','0000927628');
INSERT INTO instrument ( instrument_id , instrument_ticker, instrument_name, cik) VALUES ( 105,'COG','Cabot Oil & Gas','0000858470');
INSERT INTO instrument ( instrument_id , instrument_ticker, instrument_name, cik) VALUES ( 106,'COH','Coach Inc.','0001116132');
INSERT INTO instrument ( instrument_id , instrument_ticker, instrument_name, cik) VALUES ( 107,'COL','Rockwell Collins','0001137411');
INSERT INTO instrument ( instrument_id , instrument_ticker, instrument_name, cik) VALUES ( 108,'COP','ConocoPhillips','0001163165');
INSERT INTO instrument ( instrument_id , instrument_ticker, instrument_name, cik) VALUES ( 109,'COST','Costco Co.','0000909832');
INSERT INTO instrument ( instrument_id , instrument_ticker, instrument_name, cik) VALUES ( 110,'CPB','Campbell Soup','0000016732');
INSERT INTO instrument ( instrument_id , instrument_ticker, instrument_name, cik) VALUES ( 111,'CRM','Salesforce.com','0001108524');
INSERT INTO instrument ( instrument_id , instrument_ticker, instrument_name, cik) VALUES ( 112,'CSC','Computer Sciences Corp.','0000023082');
INSERT INTO instrument ( instrument_id , instrument_ticker, instrument_name, cik) VALUES ( 113,'CSCO','Cisco Systems','0000858877');
INSERT INTO instrument ( instrument_id , instrument_ticker, instrument_name, cik) VALUES ( 114,'CSX','CSX Corp.','0000277948');
INSERT INTO instrument ( instrument_id , instrument_ticker, instrument_name, cik) VALUES ( 115,'CTAS','Cintas Corporation','0000723254');
INSERT INTO instrument ( instrument_id , instrument_ticker, instrument_name, cik) VALUES ( 116,'CTL','CenturyLink Inc','0000018926');
INSERT INTO instrument ( instrument_id , instrument_ticker, instrument_name, cik) VALUES ( 117,'CTSH','Cognizant Technology Solutions','0001058290');
INSERT INTO instrument ( instrument_id , instrument_ticker, instrument_name, cik) VALUES ( 118,'CTXS','Citrix Systems','0000877890');
INSERT INTO instrument ( instrument_id , instrument_ticker, instrument_name, cik) VALUES ( 119,'CVC','Cablevision Systems Corp.','0001053112');
INSERT INTO instrument ( instrument_id , instrument_ticker, instrument_name, cik) VALUES ( 120,'CVS','CVS Caremark Corp.','0000064803');
INSERT INTO instrument ( instrument_id , instrument_ticker, instrument_name, cik) VALUES ( 121,'CVX','Chevron Corp.','0000093410');
INSERT INTO instrument ( instrument_id , instrument_ticker, instrument_name, cik) VALUES ( 122,'D','Dominion Resources','0000715957');
INSERT INTO instrument ( instrument_id , instrument_ticker, instrument_name, cik) VALUES ( 123,'DAL','Delta Air Lines','0000027904');
INSERT INTO instrument ( instrument_id , instrument_ticker, instrument_name, cik) VALUES ( 124,'DD','Du Pont (E.I.)','0000030554');
INSERT INTO instrument ( instrument_id , instrument_ticker, instrument_name, cik) VALUES ( 125,'DE','Deere & Co.','0000315189');
INSERT INTO instrument ( instrument_id , instrument_ticker, instrument_name, cik) VALUES ( 126,'DFS','Discover Financial Services','0001393612');
INSERT INTO instrument ( instrument_id , instrument_ticker, instrument_name, cik) VALUES ( 127,'DG','Dollar General','0000029534');
INSERT INTO instrument ( instrument_id , instrument_ticker, instrument_name, cik) VALUES ( 128,'DGX','Quest Diagnostics','0001022079');
INSERT INTO instrument ( instrument_id , instrument_ticker, instrument_name, cik) VALUES ( 129,'DHI','D. R. Horton','0000882184');
INSERT INTO instrument ( instrument_id , instrument_ticker, instrument_name, cik) VALUES ( 130,'DHR','Danaher Corp.','0000313616');
INSERT INTO instrument ( instrument_id , instrument_ticker, instrument_name, cik) VALUES ( 131,'DIS','The Walt Disney Company','0001001039');
INSERT INTO instrument ( instrument_id , instrument_ticker, instrument_name, cik) VALUES ( 132,'DISCA','Discovery Communications-A','0001437107');
INSERT INTO instrument ( instrument_id , instrument_ticker, instrument_name, cik) VALUES ( 133,'DISCK','Discovery Communications-C','0001437107');
INSERT INTO instrument ( instrument_id , instrument_ticker, instrument_name, cik) VALUES ( 134,'DLPH','Delphi Automotive','0001521332');
INSERT INTO instrument ( instrument_id , instrument_ticker, instrument_name, cik) VALUES ( 135,'DLTR','Dollar Tree','0000935703');
INSERT INTO instrument ( instrument_id , instrument_ticker, instrument_name, cik) VALUES ( 136,'DNB','Dun & Bradstreet','0001115222');
INSERT INTO instrument ( instrument_id , instrument_ticker, instrument_name, cik) VALUES ( 137,'DNR','Denbury Resources Inc.','0000945764');
INSERT INTO instrument ( instrument_id , instrument_ticker, instrument_name, cik) VALUES ( 138,'DO','Diamond Offshore Drilling','0000949039');
INSERT INTO instrument ( instrument_id , instrument_ticker, instrument_name, cik) VALUES ( 139,'DOV','Dover Corp.','0000029905');
INSERT INTO instrument ( instrument_id , instrument_ticker, instrument_name, cik) VALUES ( 140,'DOW','Dow Chemical','0000029915');
INSERT INTO instrument ( instrument_id , instrument_ticker, instrument_name, cik) VALUES ( 141,'DPS','Dr Pepper Snapple Group','0001418135');
INSERT INTO instrument ( instrument_id , instrument_ticker, instrument_name, cik) VALUES ( 142,'DRI','Darden Restaurants','0000940944');
INSERT INTO instrument ( instrument_id , instrument_ticker, instrument_name, cik) VALUES ( 143,'DTE','DTE Energy Co.','0000936340');
INSERT INTO instrument ( instrument_id , instrument_ticker, instrument_name, cik) VALUES ( 144,'DTV','DirecTV','0001465112');
INSERT INTO instrument ( instrument_id , instrument_ticker, instrument_name, cik) VALUES ( 145,'DUK','Duke Energy','0001326160');
INSERT INTO instrument ( instrument_id , instrument_ticker, instrument_name, cik) VALUES ( 146,'DVA','DaVita Inc.','0000927066');
INSERT INTO instrument ( instrument_id , instrument_ticker, instrument_name, cik) VALUES ( 147,'DVN','Devon Energy Corp.','0001090012');
INSERT INTO instrument ( instrument_id , instrument_ticker, instrument_name, cik) VALUES ( 148,'EA','Electronic Arts','0000712515');
INSERT INTO instrument ( instrument_id , instrument_ticker, instrument_name, cik) VALUES ( 149,'EBAY','eBay Inc.','0001065088');
INSERT INTO instrument ( instrument_id , instrument_ticker, instrument_name, cik) VALUES ( 150,'ECL','Ecolab Inc.','0000031462');
INSERT INTO instrument ( instrument_id , instrument_ticker, instrument_name, cik) VALUES ( 151,'ED','Consolidated Edison','0001047862');
INSERT INTO instrument ( instrument_id , instrument_ticker, instrument_name, cik) VALUES ( 152,'EFX','Equifax Inc.','0000033185');
INSERT INTO instrument ( instrument_id , instrument_ticker, instrument_name, cik) VALUES ( 153,'EIX','Edison Intl','0000827052');
INSERT INTO instrument ( instrument_id , instrument_ticker, instrument_name, cik) VALUES ( 154,'EL','Estee Lauder Cos.','0001001250');
INSERT INTO instrument ( instrument_id , instrument_ticker, instrument_name, cik) VALUES ( 155,'EMC','EMC Corp.','0000790070');
INSERT INTO instrument ( instrument_id , instrument_ticker, instrument_name, cik) VALUES ( 156,'EMN','Eastman Chemical','0000915389');
INSERT INTO instrument ( instrument_id , instrument_ticker, instrument_name, cik) VALUES ( 157,'EMR','Emerson Electric','0000032604');
INSERT INTO instrument ( instrument_id , instrument_ticker, instrument_name, cik) VALUES ( 158,'ENDP','Endo International','0001100962');
INSERT INTO instrument ( instrument_id , instrument_ticker, instrument_name, cik) VALUES ( 159,'EOG','EOG Resources','0000821189');
INSERT INTO instrument ( instrument_id , instrument_ticker, instrument_name, cik) VALUES ( 160,'EQR','Equity Residential','0000906107');
INSERT INTO instrument ( instrument_id , instrument_ticker, instrument_name, cik) VALUES ( 161,'EQT','EQT Corporation','0000033213');
INSERT INTO instrument ( instrument_id , instrument_ticker, instrument_name, cik) VALUES ( 162,'ESRX','Express Scripts','0001532063');
INSERT INTO instrument ( instrument_id , instrument_ticker, instrument_name, cik) VALUES ( 163,'ESS','Essex Property Trust Inc','0000920522');
INSERT INTO instrument ( instrument_id , instrument_ticker, instrument_name, cik) VALUES ( 164,'ESV','Ensco plc','0000314808');
INSERT INTO instrument ( instrument_id , instrument_ticker, instrument_name, cik) VALUES ( 165,'ETFC','E-Trade','0001015780');
INSERT INTO instrument ( instrument_id , instrument_ticker, instrument_name, cik) VALUES ( 166,'ETN','Eaton Corporation','0001551182');
INSERT INTO instrument ( instrument_id , instrument_ticker, instrument_name, cik) VALUES ( 167,'ETR','Entergy Corp.','0000065984');
INSERT INTO instrument ( instrument_id , instrument_ticker, instrument_name, cik) VALUES ( 168,'EW','Edwards Lifesciences','0001099800');
INSERT INTO instrument ( instrument_id , instrument_ticker, instrument_name, cik) VALUES ( 169,'EXC','Exelon Corp.','0001109357');
INSERT INTO instrument ( instrument_id , instrument_ticker, instrument_name, cik) VALUES ( 170,'EXPD','Expeditors Intl','0000746515');
INSERT INTO instrument ( instrument_id , instrument_ticker, instrument_name, cik) VALUES ( 171,'EXPE','Expedia Inc.','0001324424');
INSERT INTO instrument ( instrument_id , instrument_ticker, instrument_name, cik) VALUES ( 172,'F','Ford Motor','0000037996');
INSERT INTO instrument ( instrument_id , instrument_ticker, instrument_name, cik) VALUES ( 173,'FAST','Fastenal Co','0000815556');
INSERT INTO instrument ( instrument_id , instrument_ticker, instrument_name, cik) VALUES ( 174,'FB','Facebook','0001326801');
INSERT INTO instrument ( instrument_id , instrument_ticker, instrument_name, cik) VALUES ( 175,'FCX','Freeport-McMoran Cp & Gld','0000831259');
INSERT INTO instrument ( instrument_id , instrument_ticker, instrument_name, cik) VALUES ( 176,'FDO','Family Dollar Stores','0000034408');
INSERT INTO instrument ( instrument_id , instrument_ticker, instrument_name, cik) VALUES ( 177,'FDX','FedEx Corporation','0001048911');
INSERT INTO instrument ( instrument_id , instrument_ticker, instrument_name, cik) VALUES ( 178,'FE','FirstEnergy Corp','0001031296');
INSERT INTO instrument ( instrument_id , instrument_ticker, instrument_name, cik) VALUES ( 179,'FFIV','F5 Networks','0001048695');
INSERT INTO instrument ( instrument_id , instrument_ticker, instrument_name, cik) VALUES ( 180,'FIS','Fidelity National Information Services','0001136893');
INSERT INTO instrument ( instrument_id , instrument_ticker, instrument_name, cik) VALUES ( 181,'FISV','Fiserv Inc','0000798354');
INSERT INTO instrument ( instrument_id , instrument_ticker, instrument_name, cik) VALUES ( 182,'FITB','Fifth Third Bancorp','0000035527');
INSERT INTO instrument ( instrument_id , instrument_ticker, instrument_name, cik) VALUES ( 183,'FLIR','FLIR Systems','0000354908');
INSERT INTO instrument ( instrument_id , instrument_ticker, instrument_name, cik) VALUES ( 184,'FLR','Fluor Corp.','0001124198');
INSERT INTO instrument ( instrument_id , instrument_ticker, instrument_name, cik) VALUES ( 185,'FLS','Flowserve Corporation','0000030625');
INSERT INTO instrument ( instrument_id , instrument_ticker, instrument_name, cik) VALUES ( 186,'FMC','FMC Corporation','0000037785');
INSERT INTO instrument ( instrument_id , instrument_ticker, instrument_name, cik) VALUES ( 187,'FOSL','Fossil, Inc.','0000883569');
INSERT INTO instrument ( instrument_id , instrument_ticker, instrument_name, cik) VALUES ( 188,'FOXA','Twenty-First Century Fox','0001308161');
INSERT INTO instrument ( instrument_id , instrument_ticker, instrument_name, cik) VALUES ( 189,'FSLR','First Solar Inc','0001274494');
INSERT INTO instrument ( instrument_id , instrument_ticker, instrument_name, cik) VALUES ( 190,'FTI','FMC Technologies Inc.','0001135152');
INSERT INTO instrument ( instrument_id , instrument_ticker, instrument_name, cik) VALUES ( 191,'FTR','Frontier Communications','0000020520');
INSERT INTO instrument ( instrument_id , instrument_ticker, instrument_name, cik) VALUES ( 192,'GAS','AGL Resources Inc.','0001004155');
INSERT INTO instrument ( instrument_id , instrument_ticker, instrument_name, cik) VALUES ( 193,'GCI','Gannett Co.','0000039899');
INSERT INTO instrument ( instrument_id , instrument_ticker, instrument_name, cik) VALUES ( 194,'GD','General Dynamics','0000040533');
INSERT INTO instrument ( instrument_id , instrument_ticker, instrument_name, cik) VALUES ( 195,'GE','General Electric','0000040545');
INSERT INTO instrument ( instrument_id , instrument_ticker, instrument_name, cik) VALUES ( 196,'GGP','General Growth Properties Inc.','0000895648');
INSERT INTO instrument ( instrument_id , instrument_ticker, instrument_name, cik) VALUES ( 197,'GILD','Gilead Sciences','0000882095');
INSERT INTO instrument ( instrument_id , instrument_ticker, instrument_name, cik) VALUES ( 198,'GIS','General Mills','0000040704');
INSERT INTO instrument ( instrument_id , instrument_ticker, instrument_name, cik) VALUES ( 199,'GLW','Corning Inc.','0000024741');
INSERT INTO instrument ( instrument_id , instrument_ticker, instrument_name, cik) VALUES ( 200,'GM','General Motors','0001467858');
INSERT INTO instrument ( instrument_id , instrument_ticker, instrument_name, cik) VALUES ( 201,'GMCR','Keurig Green Mountain','0000909954');
INSERT INTO instrument ( instrument_id , instrument_ticker, instrument_name, cik) VALUES ( 202,'GME','GameStop Corp.','0001326380');
INSERT INTO instrument ( instrument_id , instrument_ticker, instrument_name, cik) VALUES ( 203,'GNW','Genworth Financial Inc.','0001276520');
INSERT INTO instrument ( instrument_id , instrument_ticker, instrument_name, cik) VALUES ( 204,'GOOG','Google Inc Class C','0001288776');
INSERT INTO instrument ( instrument_id , instrument_ticker, instrument_name, cik) VALUES ( 205,'GOOGL','Google Inc Class A','0001288776');
INSERT INTO instrument ( instrument_id , instrument_ticker, instrument_name, cik) VALUES ( 206,'GPC','Genuine Parts','0000040987');
INSERT INTO instrument ( instrument_id , instrument_ticker, instrument_name, cik) VALUES ( 207,'GPS','Gap (The)','0000039911');
INSERT INTO instrument ( instrument_id , instrument_ticker, instrument_name, cik) VALUES ( 208,'GRMN','Garmin Ltd.','0001121788');
INSERT INTO instrument ( instrument_id , instrument_ticker, instrument_name, cik) VALUES ( 209,'GS','Goldman Sachs Group','0000886982');
INSERT INTO instrument ( instrument_id , instrument_ticker, instrument_name, cik) VALUES ( 210,'GT','Goodyear Tire & Rubber','0000042582');
INSERT INTO instrument ( instrument_id , instrument_ticker, instrument_name, cik) VALUES ( 211,'GWW','Grainger (W.W.) Inc.','0000277135');
INSERT INTO instrument ( instrument_id , instrument_ticker, instrument_name, cik) VALUES ( 212,'HAL','Halliburton Co.','0000045012');
INSERT INTO instrument ( instrument_id , instrument_ticker, instrument_name, cik) VALUES ( 213,'HAR','Harman Intl Industries','0000800459');
INSERT INTO instrument ( instrument_id , instrument_ticker, instrument_name, cik) VALUES ( 214,'HAS','Hasbro Inc.','0000046080');
INSERT INTO instrument ( instrument_id , instrument_ticker, instrument_name, cik) VALUES ( 215,'HBAN','Huntington Bancshares','0000049196');
INSERT INTO instrument ( instrument_id , instrument_ticker, instrument_name, cik) VALUES ( 216,'HCA','HCA Holdings','0000860730');
INSERT INTO instrument ( instrument_id , instrument_ticker, instrument_name, cik) VALUES ( 217,'HCBK','Hudson City Bancorp','0000921847');
INSERT INTO instrument ( instrument_id , instrument_ticker, instrument_name, cik) VALUES ( 218,'HCN','Health Care REIT, Inc.','0000766704');
INSERT INTO instrument ( instrument_id , instrument_ticker, instrument_name, cik) VALUES ( 219,'HCP','HCP Inc.','0000765880');
INSERT INTO instrument ( instrument_id , instrument_ticker, instrument_name, cik) VALUES ( 220,'HD','Home Depot','0000354950');
INSERT INTO instrument ( instrument_id , instrument_ticker, instrument_name, cik) VALUES ( 221,'HES','Hess Corporation','0000004447');
INSERT INTO instrument ( instrument_id , instrument_ticker, instrument_name, cik) VALUES ( 222,'HIG','Hartford Financial Svc.Gp.','0000874766');
INSERT INTO instrument ( instrument_id , instrument_ticker, instrument_name, cik) VALUES ( 223,'HOG','Harley-Davidson','0000793952');
INSERT INTO instrument ( instrument_id , instrument_ticker, instrument_name, cik) VALUES ( 224,'HON','Honeywell Intl Inc.','0000773840');
INSERT INTO instrument ( instrument_id , instrument_ticker, instrument_name, cik) VALUES ( 225,'HOT','Starwood Hotels & Resorts','0000316206');
INSERT INTO instrument ( instrument_id , instrument_ticker, instrument_name, cik) VALUES ( 226,'HP','Helmerich & Payne','0000046765');
INSERT INTO instrument ( instrument_id , instrument_ticker, instrument_name, cik) VALUES ( 227,'HPQ','Hewlett-Packard','0000047217');
INSERT INTO instrument ( instrument_id , instrument_ticker, instrument_name, cik) VALUES ( 228,'HRB','Block H&R','0000012659');
INSERT INTO instrument ( instrument_id , instrument_ticker, instrument_name, cik) VALUES ( 229,'HRL','Hormel Foods Corp.','0000048465');
INSERT INTO instrument ( instrument_id , instrument_ticker, instrument_name, cik) VALUES ( 230,'HRS','Harris Corporation','0000202058');
INSERT INTO instrument ( instrument_id , instrument_ticker, instrument_name, cik) VALUES ( 231,'HSP','Hospira Inc.','0001274057');
INSERT INTO instrument ( instrument_id , instrument_ticker, instrument_name, cik) VALUES ( 232,'HST','Host Hotels & Resorts','0001070750');
INSERT INTO instrument ( instrument_id , instrument_ticker, instrument_name, cik) VALUES ( 233,'HSY','The Hershey Company','0000047111');
INSERT INTO instrument ( instrument_id , instrument_ticker, instrument_name, cik) VALUES ( 234,'HUM','Humana Inc.','0000049071');
INSERT INTO instrument ( instrument_id , instrument_ticker, instrument_name, cik) VALUES ( 235,'IBM','International Bus. Machines','0000051143');
INSERT INTO instrument ( instrument_id , instrument_ticker, instrument_name, cik) VALUES ( 236,'ICE','Intercontinental Exchange','0001571949');
INSERT INTO instrument ( instrument_id , instrument_ticker, instrument_name, cik) VALUES ( 237,'IFF','Intl Flavors & Fragrances','0000051253');
INSERT INTO instrument ( instrument_id , instrument_ticker, instrument_name, cik) VALUES ( 238,'INTC','Intel Corp.','0000050863');
INSERT INTO instrument ( instrument_id , instrument_ticker, instrument_name, cik) VALUES ( 239,'INTU','Intuit Inc.','0000896878');
INSERT INTO instrument ( instrument_id , instrument_ticker, instrument_name, cik) VALUES ( 240,'IP','International Paper','0000051434');
INSERT INTO instrument ( instrument_id , instrument_ticker, instrument_name, cik) VALUES ( 241,'IPG','Interpublic Group','0000051644');
INSERT INTO instrument ( instrument_id , instrument_ticker, instrument_name, cik) VALUES ( 242,'IR','Ingersoll-Rand PLC','0001466258');
INSERT INTO instrument ( instrument_id , instrument_ticker, instrument_name, cik) VALUES ( 243,'IRM','Iron Mountain Incorporated','0001020569');
INSERT INTO instrument ( instrument_id , instrument_ticker, instrument_name, cik) VALUES ( 244,'ISRG','Intuitive Surgical Inc.','0001035267');
INSERT INTO instrument ( instrument_id , instrument_ticker, instrument_name, cik) VALUES ( 245,'ITW','Illinois Tool Works','0000049826');
INSERT INTO instrument ( instrument_id , instrument_ticker, instrument_name, cik) VALUES ( 246,'IVZ','Invesco Ltd.','0000914208');
INSERT INTO instrument ( instrument_id , instrument_ticker, instrument_name, cik) VALUES ( 247,'JCI','Johnson Controls','0000053669');
INSERT INTO instrument ( instrument_id , instrument_ticker, instrument_name, cik) VALUES ( 248,'JEC','Jacobs Engineering Group','0000052988');
INSERT INTO instrument ( instrument_id , instrument_ticker, instrument_name, cik) VALUES ( 249,'JNJ','Johnson & Johnson','0000200406');
INSERT INTO instrument ( instrument_id , instrument_ticker, instrument_name, cik) VALUES ( 250,'JNPR','Juniper Networks','0001043604');
INSERT INTO instrument ( instrument_id , instrument_ticker, instrument_name, cik) VALUES ( 251,'JOY','Joy Global Inc.','0000801898');
INSERT INTO instrument ( instrument_id , instrument_ticker, instrument_name, cik) VALUES ( 252,'JPM','JPMorgan Chase & Co.','0000019617');
INSERT INTO instrument ( instrument_id , instrument_ticker, instrument_name, cik) VALUES ( 253,'JWN','Nordstrom','0000072333');
INSERT INTO instrument ( instrument_id , instrument_ticker, instrument_name, cik) VALUES ( 254,'K','Kellogg Co.','0000055067');
INSERT INTO instrument ( instrument_id , instrument_ticker, instrument_name, cik) VALUES ( 255,'KEY','KeyCorp','0000091576');
INSERT INTO instrument ( instrument_id , instrument_ticker, instrument_name, cik) VALUES ( 256,'KIM','Kimco Realty','0000879101');
INSERT INTO instrument ( instrument_id , instrument_ticker, instrument_name, cik) VALUES ( 257,'KLAC','KLA-Tencor Corp.','0000319201');
INSERT INTO instrument ( instrument_id , instrument_ticker, instrument_name, cik) VALUES ( 258,'KMB','Kimberly-Clark','0000055785');
INSERT INTO instrument ( instrument_id , instrument_ticker, instrument_name, cik) VALUES ( 259,'KMI','Kinder Morgan','0001506307');
INSERT INTO instrument ( instrument_id , instrument_ticker, instrument_name, cik) VALUES ( 260,'KMX','Carmax Inc','0001170010');
INSERT INTO instrument ( instrument_id , instrument_ticker, instrument_name, cik) VALUES ( 261,'KO','The Coca Cola Company','0000021344');
INSERT INTO instrument ( instrument_id , instrument_ticker, instrument_name, cik) VALUES ( 262,'KORS','Michael Kors Holdings','0001530721');
INSERT INTO instrument ( instrument_id , instrument_ticker, instrument_name, cik) VALUES ( 263,'KR','Kroger Co.','0000056873');
INSERT INTO instrument ( instrument_id , instrument_ticker, instrument_name, cik) VALUES ( 264,'KRFT','Kraft Foods Group','0001545158');
INSERT INTO instrument ( instrument_id , instrument_ticker, instrument_name, cik) VALUES ( 265,'KSS','Kohls Corp.','0000885639');
INSERT INTO instrument ( instrument_id , instrument_ticker, instrument_name, cik) VALUES ( 266,'KSU','Kansas City Southern','0000054480');
INSERT INTO instrument ( instrument_id , instrument_ticker, instrument_name, cik) VALUES ( 267,'L','Loews Corp.','0000060086');
INSERT INTO instrument ( instrument_id , instrument_ticker, instrument_name, cik) VALUES ( 268,'LB','L Brands Inc.','0000701985');
INSERT INTO instrument ( instrument_id , instrument_ticker, instrument_name, cik) VALUES ( 269,'LEG','Leggett & Platt','0000058492');
INSERT INTO instrument ( instrument_id , instrument_ticker, instrument_name, cik) VALUES ( 270,'LEN','Lennar Corp.','0000920760');
INSERT INTO instrument ( instrument_id , instrument_ticker, instrument_name, cik) VALUES ( 271,'LH','Laboratory Corp. of America Holding','0000920148');
INSERT INTO instrument ( instrument_id , instrument_ticker, instrument_name, cik) VALUES ( 272,'LLL','L-3 Communications Holdings','0001056239');
INSERT INTO instrument ( instrument_id , instrument_ticker, instrument_name, cik) VALUES ( 273,'LLTC','Linear Technology Corp.','0000791907');
INSERT INTO instrument ( instrument_id , instrument_ticker, instrument_name, cik) VALUES ( 274,'LLY','Lilly (Eli) & Co.','0000059478');
INSERT INTO instrument ( instrument_id , instrument_ticker, instrument_name, cik) VALUES ( 275,'LM','Legg Mason','0000704051');
INSERT INTO instrument ( instrument_id , instrument_ticker, instrument_name, cik) VALUES ( 276,'LMT','Lockheed Martin Corp.','0000936468');
INSERT INTO instrument ( instrument_id , instrument_ticker, instrument_name, cik) VALUES ( 277,'LNC','Lincoln National','0000059558');
INSERT INTO instrument ( instrument_id , instrument_ticker, instrument_name, cik) VALUES ( 278,'LO','Lorillard Inc.','0001424847');
INSERT INTO instrument ( instrument_id , instrument_ticker, instrument_name, cik) VALUES ( 279,'LOW','Lowes Cos.','0000060667');
INSERT INTO instrument ( instrument_id , instrument_ticker, instrument_name, cik) VALUES ( 280,'LRCX','Lam Research','0000707549');
INSERT INTO instrument ( instrument_id , instrument_ticker, instrument_name, cik) VALUES ( 281,'LUK','Leucadia National Corp.','0000096223');
INSERT INTO instrument ( instrument_id , instrument_ticker, instrument_name, cik) VALUES ( 282,'LUV','Southwest Airlines','0000092380');
INSERT INTO instrument ( instrument_id , instrument_ticker, instrument_name, cik) VALUES ( 283,'LVLT','Level 3 Communications','0000794323');
INSERT INTO instrument ( instrument_id , instrument_ticker, instrument_name, cik) VALUES ( 284,'LYB','LyondellBasell','0001489393');
INSERT INTO instrument ( instrument_id , instrument_ticker, instrument_name, cik) VALUES ( 285,'M','Macys Inc.','0000794367');
INSERT INTO instrument ( instrument_id , instrument_ticker, instrument_name, cik) VALUES ( 286,'MA','Mastercard Inc.','0001141391');
INSERT INTO instrument ( instrument_id , instrument_ticker, instrument_name, cik) VALUES ( 287,'MAC','Macerich','0000912242');
INSERT INTO instrument ( instrument_id , instrument_ticker, instrument_name, cik) VALUES ( 288,'MAR','Marriott Intl.','0001048286');
INSERT INTO instrument ( instrument_id , instrument_ticker, instrument_name, cik) VALUES ( 289,'MAS','Masco Corp.','0000062996');
INSERT INTO instrument ( instrument_id , instrument_ticker, instrument_name, cik) VALUES ( 290,'MAT','Mattel Inc.','0000063276');
INSERT INTO instrument ( instrument_id , instrument_ticker, instrument_name, cik) VALUES ( 291,'MCD','McDonalds Corp.','0000063908');
INSERT INTO instrument ( instrument_id , instrument_ticker, instrument_name, cik) VALUES ( 292,'MCHP','Microchip Technology','0000827054');
INSERT INTO instrument ( instrument_id , instrument_ticker, instrument_name, cik) VALUES ( 293,'MCK','McKesson Corp.','0000927653');
INSERT INTO instrument ( instrument_id , instrument_ticker, instrument_name, cik) VALUES ( 294,'MCO','Moodys Corp','0001059556');
INSERT INTO instrument ( instrument_id , instrument_ticker, instrument_name, cik) VALUES ( 295,'MDLZ','Mondelez International','0001103982');
INSERT INTO instrument ( instrument_id , instrument_ticker, instrument_name, cik) VALUES ( 296,'MDT','Medtronic Inc.','0000064670');
INSERT INTO instrument ( instrument_id , instrument_ticker, instrument_name, cik) VALUES ( 297,'MET','MetLife Inc.','0001099219');
INSERT INTO instrument ( instrument_id , instrument_ticker, instrument_name, cik) VALUES ( 298,'MHFI','McGraw Hill Financial','0000064040');
INSERT INTO instrument ( instrument_id , instrument_ticker, instrument_name, cik) VALUES ( 299,'MHK','Mohawk Industries','0000851968');
INSERT INTO instrument ( instrument_id , instrument_ticker, instrument_name, cik) VALUES ( 300,'MJN','Mead Johnson','0001452575');
INSERT INTO instrument ( instrument_id , instrument_ticker, instrument_name, cik) VALUES ( 301,'MKC','McCormick & Co.','0000063754');
INSERT INTO instrument ( instrument_id , instrument_ticker, instrument_name, cik) VALUES ( 302,'MLM','Martin Marietta Materials','0000916076');
INSERT INTO instrument ( instrument_id , instrument_ticker, instrument_name, cik) VALUES ( 303,'MMC','Marsh & McLennan','0000062709');
INSERT INTO instrument ( instrument_id , instrument_ticker, instrument_name, cik) VALUES ( 304,'MMM','3M Company','0000066740');
INSERT INTO instrument ( instrument_id , instrument_ticker, instrument_name, cik) VALUES ( 305,'MNK','Mallinckrodt Plc','0001567892');
INSERT INTO instrument ( instrument_id , instrument_ticker, instrument_name, cik) VALUES ( 306,'MNST','Monster Beverage','0000865752');
INSERT INTO instrument ( instrument_id , instrument_ticker, instrument_name, cik) VALUES ( 307,'MO','Altria Group Inc','0000764180');
INSERT INTO instrument ( instrument_id , instrument_ticker, instrument_name, cik) VALUES ( 308,'MON','Monsanto Co.','0001110783');
INSERT INTO instrument ( instrument_id , instrument_ticker, instrument_name, cik) VALUES ( 309,'MOS','The Mosaic Company','0001285785');
INSERT INTO instrument ( instrument_id , instrument_ticker, instrument_name, cik) VALUES ( 310,'MPC','Marathon Petroleum','0001510295');
INSERT INTO instrument ( instrument_id , instrument_ticker, instrument_name, cik) VALUES ( 311,'MRK','Merck & Co.','0000310158');
INSERT INTO instrument ( instrument_id , instrument_ticker, instrument_name, cik) VALUES ( 312,'MRO','Marathon Oil Corp.','0000101778');
INSERT INTO instrument ( instrument_id , instrument_ticker, instrument_name, cik) VALUES ( 313,'MS','Morgan Stanley','0000895421');
INSERT INTO instrument ( instrument_id , instrument_ticker, instrument_name, cik) VALUES ( 314,'MSFT','Microsoft Corp.','0000789019');
INSERT INTO instrument ( instrument_id , instrument_ticker, instrument_name, cik) VALUES ( 315,'MSI','Motorola Solutions Inc.','0000068505');
INSERT INTO instrument ( instrument_id , instrument_ticker, instrument_name, cik) VALUES ( 316,'MTB','M&T Bank Corp.','0000036270');
INSERT INTO instrument ( instrument_id , instrument_ticker, instrument_name, cik) VALUES ( 317,'MU','Micron Technology','0000723125');
INSERT INTO instrument ( instrument_id , instrument_ticker, instrument_name, cik) VALUES ( 318,'MUR','Murphy Oil','0000717423');
INSERT INTO instrument ( instrument_id , instrument_ticker, instrument_name, cik) VALUES ( 319,'MWV','MeadWestvaco Corporation','0001159297');
INSERT INTO instrument ( instrument_id , instrument_ticker, instrument_name, cik) VALUES ( 320,'MYL','Mylan Inc.','0000069499');
INSERT INTO instrument ( instrument_id , instrument_ticker, instrument_name, cik) VALUES ( 321,'NAVI','Navient','0001084750');
INSERT INTO instrument ( instrument_id , instrument_ticker, instrument_name, cik) VALUES ( 322,'NBL','Noble Energy Inc','0000072207');
INSERT INTO instrument ( instrument_id , instrument_ticker, instrument_name, cik) VALUES ( 323,'NBR','Nabors Industries Ltd.','0001163739');
INSERT INTO instrument ( instrument_id , instrument_ticker, instrument_name, cik) VALUES ( 324,'NDAQ','NASDAQ OMX Group','0001120193');
INSERT INTO instrument ( instrument_id , instrument_ticker, instrument_name, cik) VALUES ( 325,'NE','Noble Corp','0001458891');
INSERT INTO instrument ( instrument_id , instrument_ticker, instrument_name, cik) VALUES ( 326,'NEE','NextEra Energy','0000753308');
INSERT INTO instrument ( instrument_id , instrument_ticker, instrument_name, cik) VALUES ( 327,'NEM','Newmont Mining Corp. (Hldg. Co.)','0001164727');
INSERT INTO instrument ( instrument_id , instrument_ticker, instrument_name, cik) VALUES ( 328,'NFLX','Netflix Inc.','0001065280');
INSERT INTO instrument ( instrument_id , instrument_ticker, instrument_name, cik) VALUES ( 329,'NFX','Newfield Exploration Co','0000912750');
INSERT INTO instrument ( instrument_id , instrument_ticker, instrument_name, cik) VALUES ( 330,'NI','NiSource Inc.','0001111711');
INSERT INTO instrument ( instrument_id , instrument_ticker, instrument_name, cik) VALUES ( 331,'NKE','NIKE Inc.','0000320187');
INSERT INTO instrument ( instrument_id , instrument_ticker, instrument_name, cik) VALUES ( 332,'NLSN','Nielsen Holdings','0001492633');
INSERT INTO instrument ( instrument_id , instrument_ticker, instrument_name, cik) VALUES ( 333,'NOC','Northrop Grumman Corp.','0001133421');
INSERT INTO instrument ( instrument_id , instrument_ticker, instrument_name, cik) VALUES ( 334,'NOV','National Oilwell Varco Inc.','0001021860');
INSERT INTO instrument ( instrument_id , instrument_ticker, instrument_name, cik) VALUES ( 335,'NRG','NRG Energy','0001013871');
INSERT INTO instrument ( instrument_id , instrument_ticker, instrument_name, cik) VALUES ( 336,'NSC','Norfolk Southern Corp.','0000702165');
INSERT INTO instrument ( instrument_id , instrument_ticker, instrument_name, cik) VALUES ( 337,'NTAP','NetApp','0001002047');
INSERT INTO instrument ( instrument_id , instrument_ticker, instrument_name, cik) VALUES ( 338,'NTRS','Northern Trust Corp.','0000073124');
INSERT INTO instrument ( instrument_id , instrument_ticker, instrument_name, cik) VALUES ( 339,'NU','Northeast Utilities','0000072741');
INSERT INTO instrument ( instrument_id , instrument_ticker, instrument_name, cik) VALUES ( 340,'NUE','Nucor Corp.','0000073309');
INSERT INTO instrument ( instrument_id , instrument_ticker, instrument_name, cik) VALUES ( 341,'NVDA','Nvidia Corporation','0001045810');
INSERT INTO instrument ( instrument_id , instrument_ticker, instrument_name, cik) VALUES ( 342,'NWL','Newell Rubbermaid Co.','0000814453');
INSERT INTO instrument ( instrument_id , instrument_ticker, instrument_name, cik) VALUES ( 343,'NWSA','News Corporation','0001564708');
INSERT INTO instrument ( instrument_id , instrument_ticker, instrument_name, cik) VALUES ( 344,'OI','Owens-Illinois Inc','0000812074');
INSERT INTO instrument ( instrument_id , instrument_ticker, instrument_name, cik) VALUES ( 345,'OKE','ONEOK','0001039684');
INSERT INTO instrument ( instrument_id , instrument_ticker, instrument_name, cik) VALUES ( 346,'OMC','Omnicom Group','0000029989');
INSERT INTO instrument ( instrument_id , instrument_ticker, instrument_name, cik) VALUES ( 347,'ORCL','Oracle Corp.','0001341439');
INSERT INTO instrument ( instrument_id , instrument_ticker, instrument_name, cik) VALUES ( 348,'ORLY','OReilly Automotive','0000898173');
INSERT INTO instrument ( instrument_id , instrument_ticker, instrument_name, cik) VALUES ( 349,'OXY','Occidental Petroleum','0000797468');
INSERT INTO instrument ( instrument_id , instrument_ticker, instrument_name, cik) VALUES ( 350,'PAYX','Paychex Inc.','0000723531');
INSERT INTO instrument ( instrument_id , instrument_ticker, instrument_name, cik) VALUES ( 351,'PBCT','Peoples United Bank','0001378946');
INSERT INTO instrument ( instrument_id , instrument_ticker, instrument_name, cik) VALUES ( 352,'PBI','Pitney-Bowes','0000078814');
INSERT INTO instrument ( instrument_id , instrument_ticker, instrument_name, cik) VALUES ( 353,'PCAR','PACCAR Inc.','0000075362');
INSERT INTO instrument ( instrument_id , instrument_ticker, instrument_name, cik) VALUES ( 354,'PCG','P G & E Corp.','0001004980');
INSERT INTO instrument ( instrument_id , instrument_ticker, instrument_name, cik) VALUES ( 355,'PCL','Plum Creek Timber Co.','0000849213');
INSERT INTO instrument ( instrument_id , instrument_ticker, instrument_name, cik) VALUES ( 356,'PCLN','Priceline.com Inc','0001075531');
INSERT INTO instrument ( instrument_id , instrument_ticker, instrument_name, cik) VALUES ( 357,'PCP','Precision Castparts','0000079958');
INSERT INTO instrument ( instrument_id , instrument_ticker, instrument_name, cik) VALUES ( 358,'PDCO','Patterson Companies','0000891024');
INSERT INTO instrument ( instrument_id , instrument_ticker, instrument_name, cik) VALUES ( 359,'PEG','Public Serv. Enterprise Inc.','0000788784');
INSERT INTO instrument ( instrument_id , instrument_ticker, instrument_name, cik) VALUES ( 360,'PEP','PepsiCo Inc.','0000077476');
INSERT INTO instrument ( instrument_id , instrument_ticker, instrument_name, cik) VALUES ( 361,'PETM','PetSmart, Inc.','0000863157');
INSERT INTO instrument ( instrument_id , instrument_ticker, instrument_name, cik) VALUES ( 362,'PFE','Pfizer Inc.','0000078003');
INSERT INTO instrument ( instrument_id , instrument_ticker, instrument_name, cik) VALUES ( 363,'PFG','Principal Financial Group','0001126328');
INSERT INTO instrument ( instrument_id , instrument_ticker, instrument_name, cik) VALUES ( 364,'PG','Procter & Gamble','0000080424');
INSERT INTO instrument ( instrument_id , instrument_ticker, instrument_name, cik) VALUES ( 365,'PGR','Progressive Corp.','0000080661');
INSERT INTO instrument ( instrument_id , instrument_ticker, instrument_name, cik) VALUES ( 366,'PH','Parker-Hannifin','0000076334');
INSERT INTO instrument ( instrument_id , instrument_ticker, instrument_name, cik) VALUES ( 367,'PHM','Pulte Homes Inc.','0000822416');
INSERT INTO instrument ( instrument_id , instrument_ticker, instrument_name, cik) VALUES ( 368,'PKI','PerkinElmer','0000031791');
INSERT INTO instrument ( instrument_id , instrument_ticker, instrument_name, cik) VALUES ( 369,'PLD','Prologis','0001045609');
INSERT INTO instrument ( instrument_id , instrument_ticker, instrument_name, cik) VALUES ( 370,'PLL','Pall Corp.','0000075829');
INSERT INTO instrument ( instrument_id , instrument_ticker, instrument_name, cik) VALUES ( 371,'PM','Philip Morris International','0001413329');
INSERT INTO instrument ( instrument_id , instrument_ticker, instrument_name, cik) VALUES ( 372,'PNC','PNC Financial Services','0000713676');
INSERT INTO instrument ( instrument_id , instrument_ticker, instrument_name, cik) VALUES ( 373,'PNR','Pentair Ltd.','0000077360');
INSERT INTO instrument ( instrument_id , instrument_ticker, instrument_name, cik) VALUES ( 374,'PNW','Pinnacle West Capital','0000764622');
INSERT INTO instrument ( instrument_id , instrument_ticker, instrument_name, cik) VALUES ( 375,'POM','Pepco Holdings Inc.','0001135971');
INSERT INTO instrument ( instrument_id , instrument_ticker, instrument_name, cik) VALUES ( 376,'PPG','PPG Industries','0000079879');
INSERT INTO instrument ( instrument_id , instrument_ticker, instrument_name, cik) VALUES ( 377,'PPL','PPL Corp.','0000922224');
INSERT INTO instrument ( instrument_id , instrument_ticker, instrument_name, cik) VALUES ( 378,'PRGO','Perrigo','0001585364');
INSERT INTO instrument ( instrument_id , instrument_ticker, instrument_name, cik) VALUES ( 379,'PRU','Prudential Financial','0001137774');
INSERT INTO instrument ( instrument_id , instrument_ticker, instrument_name, cik) VALUES ( 380,'PSA','Public Storage','0001393311');
INSERT INTO instrument ( instrument_id , instrument_ticker, instrument_name, cik) VALUES ( 381,'PSX','Phillips 66','0001534701');
INSERT INTO instrument ( instrument_id , instrument_ticker, instrument_name, cik) VALUES ( 382,'PVH','PVH Corp.','0000078239');
INSERT INTO instrument ( instrument_id , instrument_ticker, instrument_name, cik) VALUES ( 383,'PWR','Quanta Services Inc.','0001050915');
INSERT INTO instrument ( instrument_id , instrument_ticker, instrument_name, cik) VALUES ( 384,'PX','Praxair Inc.','0000884905');
INSERT INTO instrument ( instrument_id , instrument_ticker, instrument_name, cik) VALUES ( 385,'PXD','Pioneer Natural Resources','0001038357');
INSERT INTO instrument ( instrument_id , instrument_ticker, instrument_name, cik) VALUES ( 386,'QCOM','QUALCOMM Inc.','0000804328');
INSERT INTO instrument ( instrument_id , instrument_ticker, instrument_name, cik) VALUES ( 387,'QEP','QEP Resources','0001108827');
INSERT INTO instrument ( instrument_id , instrument_ticker, instrument_name, cik) VALUES ( 388,'R','Ryder System','0000085961');
INSERT INTO instrument ( instrument_id , instrument_ticker, instrument_name, cik) VALUES ( 389,'RAI','Reynolds American Inc.','0001275283');
INSERT INTO instrument ( instrument_id , instrument_ticker, instrument_name, cik) VALUES ( 390,'RCL','Royal Caribbean Cruises Ltd','0000884887');
INSERT INTO instrument ( instrument_id , instrument_ticker, instrument_name, cik) VALUES ( 391,'REGN','Regeneron','0000872589');
INSERT INTO instrument ( instrument_id , instrument_ticker, instrument_name, cik) VALUES ( 392,'RF','Regions Financial Corp.','0001281761');
INSERT INTO instrument ( instrument_id , instrument_ticker, instrument_name, cik) VALUES ( 393,'RHI','Robert Half International','0000315213');
INSERT INTO instrument ( instrument_id , instrument_ticker, instrument_name, cik) VALUES ( 394,'RHT','Red Hat Inc.','0001087423');
INSERT INTO instrument ( instrument_id , instrument_ticker, instrument_name, cik) VALUES ( 395,'RIG','Transocean','0001451505');
INSERT INTO instrument ( instrument_id , instrument_ticker, instrument_name, cik) VALUES ( 396,'RL','Polo Ralph Lauren Corp.','0001037038');
INSERT INTO instrument ( instrument_id , instrument_ticker, instrument_name, cik) VALUES ( 397,'ROK','Rockwell Automation Inc.','0001024478');
INSERT INTO instrument ( instrument_id , instrument_ticker, instrument_name, cik) VALUES ( 398,'ROP','Roper Industries','0000882835');
INSERT INTO instrument ( instrument_id , instrument_ticker, instrument_name, cik) VALUES ( 399,'ROST','Ross Stores','0000745732');
INSERT INTO instrument ( instrument_id , instrument_ticker, instrument_name, cik) VALUES ( 400,'RRC','Range Resources Corp.','0000315852');
INSERT INTO instrument ( instrument_id , instrument_ticker, instrument_name, cik) VALUES ( 401,'RSG','Republic Services Inc','0001060391');
INSERT INTO instrument ( instrument_id , instrument_ticker, instrument_name, cik) VALUES ( 402,'RTN','Raytheon Co.','0001047122');
INSERT INTO instrument ( instrument_id , instrument_ticker, instrument_name, cik) VALUES ( 403,'SBUX','Starbucks Corp.','0000829224');
INSERT INTO instrument ( instrument_id , instrument_ticker, instrument_name, cik) VALUES ( 404,'SCG','SCANA Corp','0000754737');
INSERT INTO instrument ( instrument_id , instrument_ticker, instrument_name, cik) VALUES ( 405,'SCHW','Charles Schwab Corporation','0000316709');
INSERT INTO instrument ( instrument_id , instrument_ticker, instrument_name, cik) VALUES ( 406,'SE','Spectra Energy Corp.','0001373835');
INSERT INTO instrument ( instrument_id , instrument_ticker, instrument_name, cik) VALUES ( 407,'SEE','Sealed Air Corp.(New)','0001012100');
INSERT INTO instrument ( instrument_id , instrument_ticker, instrument_name, cik) VALUES ( 408,'SHW','Sherwin-Williams','0000089800');
INSERT INTO instrument ( instrument_id , instrument_ticker, instrument_name, cik) VALUES ( 409,'SIAL','Sigma-Aldrich','0000090185');
INSERT INTO instrument ( instrument_id , instrument_ticker, instrument_name, cik) VALUES ( 410,'SJM','Smucker (J.M.)','0000091419');
INSERT INTO instrument ( instrument_id , instrument_ticker, instrument_name, cik) VALUES ( 411,'SLB','Schlumberger Ltd.','0000087347');
INSERT INTO instrument ( instrument_id , instrument_ticker, instrument_name, cik) VALUES ( 412,'SNA','Snap-On Inc.','0000091440');
INSERT INTO instrument ( instrument_id , instrument_ticker, instrument_name, cik) VALUES ( 413,'SNDK','SanDisk Corporation','0001000180');
INSERT INTO instrument ( instrument_id , instrument_ticker, instrument_name, cik) VALUES ( 414,'SNI','Scripps Networks Interactive Inc.','0001430602');
INSERT INTO instrument ( instrument_id , instrument_ticker, instrument_name, cik) VALUES ( 415,'SO','Southern Co.','0000092122');
INSERT INTO instrument ( instrument_id , instrument_ticker, instrument_name, cik) VALUES ( 416,'SPG','Simon Property Group Inc','0001063761');
INSERT INTO instrument ( instrument_id , instrument_ticker, instrument_name, cik) VALUES ( 417,'SPLS','Staples Inc.','0000791519');
INSERT INTO instrument ( instrument_id , instrument_ticker, instrument_name, cik) VALUES ( 418,'SRCL','Stericycle Inc','0000861878');
INSERT INTO instrument ( instrument_id , instrument_ticker, instrument_name, cik) VALUES ( 419,'SRE','Sempra Energy','0001032208');
INSERT INTO instrument ( instrument_id , instrument_ticker, instrument_name, cik) VALUES ( 420,'STI','SunTrust Banks','0000750556');
INSERT INTO instrument ( instrument_id , instrument_ticker, instrument_name, cik) VALUES ( 421,'STJ','St Jude Medical','0000203077');
INSERT INTO instrument ( instrument_id , instrument_ticker, instrument_name, cik) VALUES ( 422,'STT','State Street Corp.','0000093751');
INSERT INTO instrument ( instrument_id , instrument_ticker, instrument_name, cik) VALUES ( 423,'STX','Seagate Technology','0001137789');
INSERT INTO instrument ( instrument_id , instrument_ticker, instrument_name, cik) VALUES ( 424,'STZ','Constellation Brands','0000016918');
INSERT INTO instrument ( instrument_id , instrument_ticker, instrument_name, cik) VALUES ( 425,'SWK','Stanley Black & Decker','0000093556');
INSERT INTO instrument ( instrument_id , instrument_ticker, instrument_name, cik) VALUES ( 426,'SWN','Southwestern Energy','0000007332');
INSERT INTO instrument ( instrument_id , instrument_ticker, instrument_name, cik) VALUES ( 427,'SYK','Stryker Corp.','0000310764');
INSERT INTO instrument ( instrument_id , instrument_ticker, instrument_name, cik) VALUES ( 428,'SYMC','Symantec Corp.','0000849399');
INSERT INTO instrument ( instrument_id , instrument_ticker, instrument_name, cik) VALUES ( 429,'SYY','Sysco Corp.','0000096021');
INSERT INTO instrument ( instrument_id , instrument_ticker, instrument_name, cik) VALUES ( 430,'T','AT&T Inc','0000732717');
INSERT INTO instrument ( instrument_id , instrument_ticker, instrument_name, cik) VALUES ( 431,'TAP','Molson Coors Brewing Company','0000024545');
INSERT INTO instrument ( instrument_id , instrument_ticker, instrument_name, cik) VALUES ( 432,'TDC','Teradata Corp.','0000816761');
INSERT INTO instrument ( instrument_id , instrument_ticker, instrument_name, cik) VALUES ( 433,'TE','TECO Energy','0000350563');
INSERT INTO instrument ( instrument_id , instrument_ticker, instrument_name, cik) VALUES ( 434,'TEG','Integrys Energy Group Inc.','0000916863');
INSERT INTO instrument ( instrument_id , instrument_ticker, instrument_name, cik) VALUES ( 435,'TEL','TE Connectivity Ltd.','0001385157');
INSERT INTO instrument ( instrument_id , instrument_ticker, instrument_name, cik) VALUES ( 436,'TGT','Target Corp.','0000027419');
INSERT INTO instrument ( instrument_id , instrument_ticker, instrument_name, cik) VALUES ( 437,'THC','Tenet Healthcare Corp.','0000070318');
INSERT INTO instrument ( instrument_id , instrument_ticker, instrument_name, cik) VALUES ( 438,'TIF','Tiffany & Co.','0000098246');
INSERT INTO instrument ( instrument_id , instrument_ticker, instrument_name, cik) VALUES ( 439,'TJX','TJX Companies Inc.','0000109198');
INSERT INTO instrument ( instrument_id , instrument_ticker, instrument_name, cik) VALUES ( 440,'TMK','Torchmark Corp.','0000320335');
INSERT INTO instrument ( instrument_id , instrument_ticker, instrument_name, cik) VALUES ( 441,'TMO','Thermo Fisher Scientific','0000097745');
INSERT INTO instrument ( instrument_id , instrument_ticker, instrument_name, cik) VALUES ( 442,'TRIP','TripAdvisor','0001526520');
INSERT INTO instrument ( instrument_id , instrument_ticker, instrument_name, cik) VALUES ( 443,'TROW','T. Rowe Price Group','0001113169');
INSERT INTO instrument ( instrument_id , instrument_ticker, instrument_name, cik) VALUES ( 444,'TRV','The Travelers Companies Inc.','0000086312');
INSERT INTO instrument ( instrument_id , instrument_ticker, instrument_name, cik) VALUES ( 445,'TSCO','Tractor Supply Company','0000916365');
INSERT INTO instrument ( instrument_id , instrument_ticker, instrument_name, cik) VALUES ( 446,'TSN','Tyson Foods','0000100493');
INSERT INTO instrument ( instrument_id , instrument_ticker, instrument_name, cik) VALUES ( 447,'TSO','Tesoro Petroleum Co.','0000050104');
INSERT INTO instrument ( instrument_id , instrument_ticker, instrument_name, cik) VALUES ( 448,'TSS','Total System Services','0000721683');
INSERT INTO instrument ( instrument_id , instrument_ticker, instrument_name, cik) VALUES ( 449,'TWC','Time Warner Cable Inc.','0001377013');
INSERT INTO instrument ( instrument_id , instrument_ticker, instrument_name, cik) VALUES ( 450,'TWX','Time Warner Inc.','0001105705');
INSERT INTO instrument ( instrument_id , instrument_ticker, instrument_name, cik) VALUES ( 451,'TXN','Texas Instruments','0000097476');
INSERT INTO instrument ( instrument_id , instrument_ticker, instrument_name, cik) VALUES ( 452,'TXT','Textron Inc.','0000217346');
INSERT INTO instrument ( instrument_id , instrument_ticker, instrument_name, cik) VALUES ( 453,'TYC','Tyco International','0000833444');
INSERT INTO instrument ( instrument_id , instrument_ticker, instrument_name, cik) VALUES ( 454,'UA','Under Armour','0001336917');
INSERT INTO instrument ( instrument_id , instrument_ticker, instrument_name, cik) VALUES ( 455,'UHS','Universal Health Services, Inc.','0000352915');
INSERT INTO instrument ( instrument_id , instrument_ticker, instrument_name, cik) VALUES ( 456,'UNH','United Health Group Inc.','0000731766');
INSERT INTO instrument ( instrument_id , instrument_ticker, instrument_name, cik) VALUES ( 457,'UNM','Unum Group','0000005513');
INSERT INTO instrument ( instrument_id , instrument_ticker, instrument_name, cik) VALUES ( 458,'UNP','Union Pacific','0000100885');
INSERT INTO instrument ( instrument_id , instrument_ticker, instrument_name, cik) VALUES ( 459,'UPS','United Parcel Service','0001090727');
INSERT INTO instrument ( instrument_id , instrument_ticker, instrument_name, cik) VALUES ( 460,'URBN','Urban Outfitters','0000912615');
INSERT INTO instrument ( instrument_id , instrument_ticker, instrument_name, cik) VALUES ( 461,'URI','United Rentals, Inc.','0001215583');
INSERT INTO instrument ( instrument_id , instrument_ticker, instrument_name, cik) VALUES ( 462,'USB','U.S. Bancorp','0000036104');
INSERT INTO instrument ( instrument_id , instrument_ticker, instrument_name, cik) VALUES ( 463,'UTX','United Technologies','0000101829');
INSERT INTO instrument ( instrument_id , instrument_ticker, instrument_name, cik) VALUES ( 464,'V','Visa Inc.','0001403161');
INSERT INTO instrument ( instrument_id , instrument_ticker, instrument_name, cik) VALUES ( 465,'VAR','Varian Medical Systems','0000203527');
INSERT INTO instrument ( instrument_id , instrument_ticker, instrument_name, cik) VALUES ( 466,'VFC','V.F. Corp.','0000103379');
INSERT INTO instrument ( instrument_id , instrument_ticker, instrument_name, cik) VALUES ( 467,'VIAB','Viacom Inc.','0001339947');
INSERT INTO instrument ( instrument_id , instrument_ticker, instrument_name, cik) VALUES ( 468,'VLO','Valero Energy','0001035002');
INSERT INTO instrument ( instrument_id , instrument_ticker, instrument_name, cik) VALUES ( 469,'VMC','Vulcan Materials','0001396009');
INSERT INTO instrument ( instrument_id , instrument_ticker, instrument_name, cik) VALUES ( 470,'VNO','Vornado Realty Trust','0000899689');
INSERT INTO instrument ( instrument_id , instrument_ticker, instrument_name, cik) VALUES ( 471,'VRSN','Verisign Inc.','0001014473');
INSERT INTO instrument ( instrument_id , instrument_ticker, instrument_name, cik) VALUES ( 472,'VRTX','Vertex Pharmaceuticals Inc','0000875320');
INSERT INTO instrument ( instrument_id , instrument_ticker, instrument_name, cik) VALUES ( 473,'VTR','Ventas Inc','0000740260');
INSERT INTO instrument ( instrument_id , instrument_ticker, instrument_name, cik) VALUES ( 474,'VZ','Verizon Communications','0000732712');
INSERT INTO instrument ( instrument_id , instrument_ticker, instrument_name, cik) VALUES ( 475,'WAT','Waters Corporation','0001000697');
INSERT INTO instrument ( instrument_id , instrument_ticker, instrument_name, cik) VALUES ( 476,'WBA','Walgreens Boots Alliance','0000104207');
INSERT INTO instrument ( instrument_id , instrument_ticker, instrument_name, cik) VALUES ( 477,'WDC','Western Digital','0000106040');
INSERT INTO instrument ( instrument_id , instrument_ticker, instrument_name, cik) VALUES ( 478,'WEC','Wisconsin Energy Corporation','0000783325');
INSERT INTO instrument ( instrument_id , instrument_ticker, instrument_name, cik) VALUES ( 479,'WFC','Wells Fargo','0000072971');
INSERT INTO instrument ( instrument_id , instrument_ticker, instrument_name, cik) VALUES ( 480,'WFM','Whole Foods Market','0000865436');
INSERT INTO instrument ( instrument_id , instrument_ticker, instrument_name, cik) VALUES ( 481,'WHR','Whirlpool Corp.','0000106640');
INSERT INTO instrument ( instrument_id , instrument_ticker, instrument_name, cik) VALUES ( 482,'WIN','Windstream Communications','0001282266');
INSERT INTO instrument ( instrument_id , instrument_ticker, instrument_name, cik) VALUES ( 483,'WM','Waste Management Inc.','0000823768');
INSERT INTO instrument ( instrument_id , instrument_ticker, instrument_name, cik) VALUES ( 484,'WMB','Williams Cos.','0000107263');
INSERT INTO instrument ( instrument_id , instrument_ticker, instrument_name, cik) VALUES ( 485,'WMT','Wal-Mart Stores','0000104169');
INSERT INTO instrument ( instrument_id , instrument_ticker, instrument_name, cik) VALUES ( 486,'WU','Western Union Co','0001365135');
INSERT INTO instrument ( instrument_id , instrument_ticker, instrument_name, cik) VALUES ( 487,'WY','Weyerhaeuser Corp.','0000106535');
INSERT INTO instrument ( instrument_id , instrument_ticker, instrument_name, cik) VALUES ( 488,'WYN','Wyndham Worldwide','0001361658');
INSERT INTO instrument ( instrument_id , instrument_ticker, instrument_name, cik) VALUES ( 489,'WYNN','Wynn Resorts Ltd','0001174922');
INSERT INTO instrument ( instrument_id , instrument_ticker, instrument_name, cik) VALUES ( 490,'XEC','Cimarex Energy','0001168054');
INSERT INTO instrument ( instrument_id , instrument_ticker, instrument_name, cik) VALUES ( 491,'XEL','Xcel Energy Inc','0000072903');
INSERT INTO instrument ( instrument_id , instrument_ticker, instrument_name, cik) VALUES ( 492,'XL','XL Capital','0000875159');
INSERT INTO instrument ( instrument_id , instrument_ticker, instrument_name, cik) VALUES ( 493,'XLNX','Xilinx Inc','0000743988');
INSERT INTO instrument ( instrument_id , instrument_ticker, instrument_name, cik) VALUES ( 494,'XOM','Exxon Mobil Corp.','0000034088');
INSERT INTO instrument ( instrument_id , instrument_ticker, instrument_name, cik) VALUES ( 495,'XRAY','Dentsply International','0000818479');
INSERT INTO instrument ( instrument_id , instrument_ticker, instrument_name, cik) VALUES ( 496,'XRX','Xerox Corp.','0000108772');
INSERT INTO instrument ( instrument_id , instrument_ticker, instrument_name, cik) VALUES ( 497,'XYL','Xylem Inc.','0001524472');
INSERT INTO instrument ( instrument_id , instrument_ticker, instrument_name, cik) VALUES ( 498,'YHOO','Yahoo Inc.','0001011006');
INSERT INTO instrument ( instrument_id , instrument_ticker, instrument_name, cik) VALUES ( 499,'YUM','Yum! Brands Inc','0001041061');
INSERT INTO instrument ( instrument_id , instrument_ticker, instrument_name, cik) VALUES ( 500,'ZION','Zions Bancorp','0000109380');
INSERT INTO instrument ( instrument_id , instrument_ticker, instrument_name, cik) VALUES ( 501,'ZMH','Zimmer Holdings','0001136869');
INSERT INTO instrument ( instrument_id , instrument_ticker, instrument_name, cik) VALUES ( 502,'ZTS','Zoetis','0001555280');

--Fetch the first 5 records to display
SELECT * FROM instrument LIMIT 5;

--Create constituents by sector the table
CREATE TABLE sp500_constituents_by_sector 
(
dbUpdateTimestamp TIMESTAMP DEFAULT(current_timestamp), 
instrument_ticker VARCHAR(30) NOT NULL, 
instrument_name VARCHAR(60) NOT NULL, 
sector_gics VARCHAR(40) NOT NULL, 
sub_industry_gics VARCHAR(60) NOT NULL, 
cik VARCHAR(20) NOT NULL, 
PRIMARY KEY ( instrument_ticker,sector_gics,sub_industry_gics,cik ) 
);

--Create the table join (one-to-many) and (many-to-many)
INSERT INTO sp500_constituents_by_sector (instrument_ticker,instrument_name,sector_gics,sub_industry_gics,cik)
SELECT c.instrument_ticker,c.instrument_name,s.sector_gics,i.sub_industry_gics,c.cik FROM sp500 sp
INNER JOIN (SELECT * FROM sector) s ON sp.sector_id = s.sector_id
INNER JOIN (SELECT * FROM sub_industry) i ON sp.sub_industry_id = i.sub_industry_id
INNER JOIN (SELECT * FROM instrument) c ON sp.instrument_id = c.instrument_id;

--Select from constituents by sector
SELECT * FROM sp500_constituents_by_sector;

--Create the table join (many-to-many
